{
    "camera_angle_x": 0.6911112070083618,
    "camera_angle_y": 0.4710899591445923,
    "fl_x": 1111.111111111111,
    "fl_y": 1111.111111111111,
    "k1": 0.0,
    "k2": 0.0,
    "p1": 0.0,
    "p2": 0.0,
    "cx": 400.0,
    "cy": 400.0,
    "w": 800.0,
    "h": 800.0,
    "aabb_scale": 4,
    "frames": [
        {
            "file_path": "train/0001.png",
            "transform_matrix": [
                [
                    -0.272744745016098,
                    0.910855233669281,
                    -0.30976295471191406,
                    -0.6195259690284729
                ],
                [
                    -0.9620864391326904,
                    -0.2582210898399353,
                    0.08781562745571136,
                    0.17563126981258392
                ],
                [
                    0.0,
                    0.32197004556655884,
                    0.9467498064041138,
                    1.893499732017517
                ],
                [
                    0.0,
                    0.0,
                    0.0,
                    1.0
                ]
            ]
        },
        {
            "file_path": "train/0002.png",
            "transform_matrix": [
                [
                    0.9971420764923096,
                    -0.07264991104602814,
                    -0.02072574384510517,
                    -0.04145149141550064
                ],
                [
                    -0.07554841786623001,
                    -0.9588854312896729,
                    -0.27355319261550903,
                    -0.5471064448356628
                ],
                [
                    1.8626448161640496e-09,
                    0.27433711290359497,
                    -0.9616335034370422,
                    -1.923267126083374
                ],
                [
                    0.0,
                    0.0,
                    0.0,
                    1.0
                ]
            ]
        },
        {
            "file_path": "train/0003.png",
            "transform_matrix": [
                [
                    -0.996160089969635,
                    -0.06979195773601532,
                    0.052859436720609665,
                    0.10571888089179993
                ],
                [
                    0.08755019307136536,
                    -0.7941039800643921,
                    0.6014430522918701,
                    1.2028862237930298
                ],
                [
                    0.0,
                    0.6037613749504089,
                    0.7971649765968323,
                    1.594330072402954
                ],
                [
                    0.0,
                    0.0,
                    0.0,
                    1.0
                ]
            ]
        },
        {
            "file_path": "train/0004.png",
            "transform_matrix": [
                [
                    -0.6977230310440063,
                    0.03695093095302582,
                    0.7154139280319214,
                    1.4308279752731323
                ],
                [
                    0.7163675427436829,
                    0.03598923236131668,
                    0.6967942118644714,
                    1.3935885429382324
                ],
                [
                    -3.725290076417309e-09,
                    0.9986687898635864,
                    -0.051580965518951416,
                    -0.10316193848848343
                ],
                [
                    0.0,
                    0.0,
                    0.0,
                    1.0
                ]
            ]
        },
        {
            "file_path": "train/0005.png",
            "transform_matrix": [
                [
                    -0.9631511569023132,
                    0.11749709397554398,
                    -0.24193856120109558,
                    -0.48387715220451355
                ],
                [
                    -0.2689606249332428,
                    -0.4207584261894226,
                    0.8663846850395203,
                    1.73276948928833
                ],
                [
                    0.0,
                    0.8995314240455627,
                    0.4368560016155243,
                    0.8737120628356934
                ],
                [
                    0.0,
                    0.0,
                    0.0,
                    1.0
                ]
            ]
        },
        {
            "file_path": "train/0006.png",
            "transform_matrix": [
                [
                    -0.8943120241165161,
                    0.2610657215118408,
                    -0.3633876442909241,
                    -0.7267753481864929
                ],
                [
                    -0.4474436938762665,
                    -0.5217956900596619,
                    0.7263079881668091,
                    1.4526160955429077
                ],
                [
                    1.4901160305669237e-08,
                    0.8121415972709656,
                    0.5834603309631348,
                    1.166920781135559
                ],
                [
                    0.0,
                    0.0,
                    0.0,
                    1.0
                ]
            ]
        },
        {
            "file_path": "train/0007.png",
            "transform_matrix": [
                [
                    0.98930823802948,
                    0.14176587760448456,
                    -0.0342281274497509,
                    -0.0684562623500824
                ],
                [
                    -0.1458393931388855,
                    0.9616753458976746,
                    -0.23218807578086853,
                    -0.46437618136405945
                ],
                [
                    0.0,
                    0.23469732701778412,
                    0.9720684289932251,
                    1.9441369771957397
                ],
                [
                    0.0,
                    0.0,
                    0.0,
                    1.0
                ]
            ]
        },
        {
            "file_path": "train/0008.png",
            "transform_matrix": [
                [
                    -0.23034439980983734,
                    -0.6807553172111511,
                    -0.6953514218330383,
                    -1.3907029628753662
                ],
                [
                    -0.9731090664863586,
                    0.16114142537117004,
                    0.16459646821022034,
                    0.32919296622276306
                ],
                [
                    0.0,
                    0.7145668268203735,
                    -0.6995671987533569,
                    -1.3991345167160034
                ],
                [
                    0.0,
                    0.0,
                    0.0,
                    1.0
                ]
            ]
        },
        {
            "file_path": "train/0009.png",
            "transform_matrix": [
                [
                    0.433736652135849,
                    -0.8125873804092407,
                    -0.3893255293369293,
                    -0.7786511182785034
                ],
                [
                    -0.901039719581604,
                    -0.3911580443382263,
                    -0.18741101026535034,
                    -0.37482205033302307
                ],
                [
                    1.4901160305669237e-08,
                    0.43208473920822144,
                    -0.9018329381942749,
                    -1.8036659955978394
                ],
                [
                    0.0,
                    0.0,
                    0.0,
                    1.0
                ]
            ]
        },
        {
            "file_path": "train/0010.png",
            "transform_matrix": [
                [
                    0.2947635352611542,
                    0.8889688849449158,
                    0.350497841835022,
                    0.7009957432746887
                ],
                [
                    0.9555701613426208,
                    -0.2742191255092621,
                    -0.10811764001846313,
                    -0.21623529493808746
                ],
                [
                    -7.450580152834618e-09,
                    0.3667944371700287,
                    -0.9303019642829895,
                    -1.8606040477752686
                ],
                [
                    0.0,
                    0.0,
                    0.0,
                    1.0
                ]
            ]
        },
        {
            "file_path": "train/0011.png",
            "transform_matrix": [
                [
                    0.15909819304943085,
                    0.5421723127365112,
                    0.8250677585601807,
                    1.6501356363296509
                ],
                [
                    0.9872627854347229,
                    -0.08737151324748993,
                    -0.13296033442020416,
                    -0.2659206986427307
                ],
                [
                    0.0,
                    0.8357124924659729,
                    -0.5491671562194824,
                    -1.0983344316482544
                ],
                [
                    0.0,
                    0.0,
                    0.0,
                    1.0
                ]
            ]
        },
        {
            "file_path": "train/0012.png",
            "transform_matrix": [
                [
                    0.99839848279953,
                    0.022383183240890503,
                    0.05195538327097893,
                    0.10391077399253845
                ],
                [
                    0.056571800261735916,
                    -0.3950260579586029,
                    -0.916926383972168,
                    -1.8338528871536255
                ],
                [
                    0.0,
                    0.9183971881866455,
                    -0.3956596553325653,
                    -0.7913193702697754
                ],
                [
                    0.0,
                    0.0,
                    0.0,
                    1.0
                ]
            ]
        },
        {
            "file_path": "train/0013.png",
            "transform_matrix": [
                [
                    0.6219445466995239,
                    -0.22984939813613892,
                    -0.748568058013916,
                    -1.4971362352371216
                ],
                [
                    -0.7830613255500793,
                    -0.18255731463432312,
                    -0.5945483446121216,
                    -1.1890968084335327
                ],
                [
                    1.4901161193847656e-08,
                    0.955950915813446,
                    -0.29352664947509766,
                    -0.5870533585548401
                ],
                [
                    0.0,
                    0.0,
                    0.0,
                    1.0
                ]
            ]
        },
        {
            "file_path": "train/0014.png",
            "transform_matrix": [
                [
                    0.21665818989276886,
                    -0.9736312031745911,
                    0.07142535597085953,
                    0.14285072684288025
                ],
                [
                    0.9762474894523621,
                    0.21607756614685059,
                    -0.015851398929953575,
                    -0.03170280158519745
                ],
                [
                    0.0,
                    0.07316242903470993,
                    0.9973199367523193,
                    1.9946399927139282
                ],
                [
                    0.0,
                    0.0,
                    0.0,
                    1.0
                ]
            ]
        },
        {
            "file_path": "train/0015.png",
            "transform_matrix": [
                [
                    -0.7643792033195496,
                    -0.6399238705635071,
                    -0.07887843251228333,
                    -0.15775687992572784
                ],
                [
                    -0.6447668075561523,
                    0.7586377859115601,
                    0.09351138025522232,
                    0.18702277541160583
                ],
                [
                    -3.725290076417309e-09,
                    0.12233638763427734,
                    -0.9924886226654053,
                    -1.9849773645401
                ],
                [
                    0.0,
                    0.0,
                    0.0,
                    1.0
                ]
            ]
        },
        {
            "file_path": "train/0016.png",
            "transform_matrix": [
                [
                    -0.13769014179706573,
                    -0.345392644405365,
                    0.9283023476600647,
                    1.856604814529419
                ],
                [
                    0.9904752969741821,
                    -0.04801448807120323,
                    0.1290472149848938,
                    0.25809445977211
                ],
                [
                    3.725290076417309e-09,
                    0.9372291564941406,
                    0.3487139940261841,
                    0.6974280476570129
                ],
                [
                    0.0,
                    0.0,
                    0.0,
                    1.0
                ]
            ]
        },
        {
            "file_path": "train/0017.png",
            "transform_matrix": [
                [
                    0.9081822633743286,
                    -0.22109802067279816,
                    -0.35541611909866333,
                    -0.7108322978019714
                ],
                [
                    -0.41857489943504333,
                    -0.47971653938293457,
                    -0.7711465954780579,
                    -1.5422933101654053
                ],
                [
                    -1.4901160305669237e-08,
                    0.849109947681427,
                    -0.5282160639762878,
                    -1.0564322471618652
                ],
                [
                    0.0,
                    0.0,
                    0.0,
                    1.0
                ]
            ]
        },
        {
            "file_path": "train/0018.png",
            "transform_matrix": [
                [
                    -0.8969907760620117,
                    -0.09618975967168808,
                    0.43145686388015747,
                    0.8629137873649597
                ],
                [
                    0.44204920530319214,
                    -0.19518491625785828,
                    0.8754971623420715,
                    1.7509944438934326
                ],
                [
                    7.450580152834618e-09,
                    0.9760380983352661,
                    0.21759964525699615,
                    0.4351993203163147
                ],
                [
                    0.0,
                    0.0,
                    0.0,
                    1.0
                ]
            ]
        },
        {
            "file_path": "train/0019.png",
            "transform_matrix": [
                [
                    -0.5587546229362488,
                    -0.32335996627807617,
                    -0.7636959552764893,
                    -1.527392029762268
                ],
                [
                    -0.8293330073356628,
                    0.21786047518253326,
                    0.5145323276519775,
                    1.0290647745132446
                ],
                [
                    1.4901160305669237e-08,
                    0.920855700969696,
                    -0.38990360498428345,
                    -0.7798072695732117
                ],
                [
                    0.0,
                    0.0,
                    0.0,
                    1.0
                ]
            ]
        },
        {
            "file_path": "train/0020.png",
            "transform_matrix": [
                [
                    0.8605803847312927,
                    -0.18818449974060059,
                    -0.47327369451522827,
                    -0.9465473294258118
                ],
                [
                    -0.5093145370483398,
                    -0.31797221302986145,
                    -0.7996826767921448,
                    -1.599365234375
                ],
                [
                    0.0,
                    0.9292364120483398,
                    -0.3694857656955719,
                    -0.7389715313911438
                ],
                [
                    0.0,
                    0.0,
                    0.0,
                    1.0
                ]
            ]
        },
        {
            "file_path": "train/0021.png",
            "transform_matrix": [
                [
                    0.25957122445106506,
                    -0.6138507127761841,
                    0.7455266714096069,
                    1.4910534620285034
                ],
                [
                    0.9657239317893982,
                    0.1649933159351349,
                    -0.20038571953773499,
                    -0.40077146887779236
                ],
                [
                    0.0,
                    0.7719874382019043,
                    0.6356377601623535,
                    1.2712756395339966
                ],
                [
                    0.0,
                    0.0,
                    0.0,
                    1.0
                ]
            ]
        },
        {
            "file_path": "train/0022.png",
            "transform_matrix": [
                [
                    -0.45474475622177124,
                    0.8445882201194763,
                    -0.282626748085022,
                    -0.565253496170044
                ],
                [
                    -0.8906218409538269,
                    -0.4312403202056885,
                    0.14430706202983856,
                    0.2886141240596771
                ],
                [
                    -7.450580152834618e-09,
                    0.3173366189002991,
                    0.9483130574226379,
                    1.8966259956359863
                ],
                [
                    0.0,
                    0.0,
                    0.0,
                    1.0
                ]
            ]
        },
        {
            "file_path": "train/0023.png",
            "transform_matrix": [
                [
                    -0.9721390604972839,
                    -0.12535110116004944,
                    0.19807219505310059,
                    0.3961443603038788
                ],
                [
                    0.234404519200325,
                    -0.5198649168014526,
                    0.8214590549468994,
                    1.6429179906845093
                ],
                [
                    -7.4505792646561986e-09,
                    0.8450014591217041,
                    0.5347639322280884,
                    1.0695278644561768
                ],
                [
                    0.0,
                    0.0,
                    0.0,
                    1.0
                ]
            ]
        },
        {
            "file_path": "train/0024.png",
            "transform_matrix": [
                [
                    0.6983349323272705,
                    -0.64136803150177,
                    0.31776607036590576,
                    0.6355322003364563
                ],
                [
                    0.7157710194587708,
                    0.6257444024085999,
                    -0.31002533435821533,
                    -0.6200507283210754
                ],
                [
                    0.0,
                    0.443949431180954,
                    0.896051824092865,
                    1.7921037673950195
                ],
                [
                    0.0,
                    0.0,
                    0.0,
                    1.0
                ]
            ]
        },
        {
            "file_path": "train/0025.png",
            "transform_matrix": [
                [
                    0.9998551607131958,
                    0.004978344310075045,
                    -0.016274232417345047,
                    -0.03254846855998039
                ],
                [
                    -0.017018653452396393,
                    0.2924804091453552,
                    -0.9561200141906738,
                    -1.9122401475906372
                ],
                [
                    -4.6566125955216364e-10,
                    0.9562585949897766,
                    0.29252275824546814,
                    0.585045576095581
                ],
                [
                    0.0,
                    0.0,
                    0.0,
                    1.0
                ]
            ]
        },
        {
            "file_path": "train/0026.png",
            "transform_matrix": [
                [
                    -0.8034309148788452,
                    0.1791086345911026,
                    0.5678192377090454,
                    1.1356385946273804
                ],
                [
                    0.5953978300094604,
                    0.2416895180940628,
                    0.7662163376808167,
                    1.5324327945709229
                ],
                [
                    0.0,
                    0.9536803364753723,
                    -0.3008217215538025,
                    -0.6016435027122498
                ],
                [
                    0.0,
                    0.0,
                    0.0,
                    1.0
                ]
            ]
        },
        {
            "file_path": "train/0027.png",
            "transform_matrix": [
                [
                    -0.6516295075416565,
                    -0.5162864923477173,
                    0.555722177028656,
                    1.1114444732666016
                ],
                [
                    0.7585372924804688,
                    -0.4435214102268219,
                    0.4773991107940674,
                    0.9547982811927795
                ],
                [
                    -1.4901160305669237e-08,
                    0.7326233983039856,
                    0.6806341409683228,
                    1.361268401145935
                ],
                [
                    0.0,
                    0.0,
                    0.0,
                    1.0
                ]
            ]
        },
        {
            "file_path": "train/0028.png",
            "transform_matrix": [
                [
                    0.29775574803352356,
                    -0.5407078266143799,
                    -0.7867506146430969,
                    -1.5735013484954834
                ],
                [
                    -0.9546420574188232,
                    -0.16864840686321259,
                    -0.2453899085521698,
                    -0.490779846906662
                ],
                [
                    0.0,
                    0.8241315484046936,
                    -0.5663983821868896,
                    -1.1327968835830688
                ],
                [
                    0.0,
                    0.0,
                    0.0,
                    1.0
                ]
            ]
        },
        {
            "file_path": "train/0029.png",
            "transform_matrix": [
                [
                    0.24309636652469635,
                    -0.23648309707641602,
                    -0.9407336711883545,
                    -1.8814674615859985
                ],
                [
                    -0.9700021147727966,
                    -0.05926603451371193,
                    -0.23576126992702484,
                    -0.47152256965637207
                ],
                [
                    0.0,
                    0.969826340675354,
                    -0.2437964528799057,
                    -0.4875929355621338
                ],
                [
                    0.0,
                    0.0,
                    0.0,
                    1.0
                ]
            ]
        },
        {
            "file_path": "train/0030.png",
            "transform_matrix": [
                [
                    -0.07706999778747559,
                    -0.7585555911064148,
                    0.6470344066619873,
                    1.2940689325332642
                ],
                [
                    0.997025728225708,
                    -0.05863628536462784,
                    0.050015706568956375,
                    0.10003142058849335
                ],
                [
                    0.0,
                    0.6489646434783936,
                    0.7608184814453125,
                    1.5216370820999146
                ],
                [
                    0.0,
                    0.0,
                    0.0,
                    1.0
                ]
            ]
        },
        {
            "file_path": "train/0031.png",
            "transform_matrix": [
                [
                    -0.4674954116344452,
                    -0.2003280222415924,
                    0.8609975576400757,
                    1.7219949960708618
                ],
                [
                    0.8839954137802124,
                    -0.10594220459461212,
                    0.4553331136703491,
                    0.9106661677360535
                ],
                [
                    -7.4505792646561986e-09,
                    0.9739840626716614,
                    0.22661657631397247,
                    0.45323312282562256
                ],
                [
                    0.0,
                    0.0,
                    0.0,
                    1.0
                ]
            ]
        },
        {
            "file_path": "train/0032.png",
            "transform_matrix": [
                [
                    -0.4276454746723175,
                    0.6094881296157837,
                    0.6675653457641602,
                    1.3351308107376099
                ],
                [
                    0.9039465188980103,
                    0.2883410155773163,
                    0.31581661105155945,
                    0.6316332817077637
                ],
                [
                    1.4901160305669237e-08,
                    0.7385010123252869,
                    -0.6742523312568665,
                    -1.3485047817230225
                ],
                [
                    0.0,
                    0.0,
                    0.0,
                    1.0
                ]
            ]
        },
        {
            "file_path": "train/0033.png",
            "transform_matrix": [
                [
                    -0.1808064728975296,
                    0.844197154045105,
                    0.5046187043190002,
                    1.00923752784729
                ],
                [
                    0.983518660068512,
                    0.15519411861896515,
                    0.09276726096868515,
                    0.1855345368385315
                ],
                [
                    0.0,
                    0.5130749344825745,
                    -0.858343780040741,
                    -1.7166876792907715
                ],
                [
                    0.0,
                    0.0,
                    0.0,
                    1.0
                ]
            ]
        },
        {
            "file_path": "train/0034.png",
            "transform_matrix": [
                [
                    -0.3012060821056366,
                    -0.003241037717089057,
                    0.9535534977912903,
                    1.9071071147918701
                ],
                [
                    0.9535590410232544,
                    -0.00102376495487988,
                    0.3012043237686157,
                    0.6024087071418762
                ],
                [
                    5.8207657444020455e-11,
                    0.9999942779541016,
                    0.0033988847862929106,
                    0.0067977700382471085
                ],
                [
                    0.0,
                    0.0,
                    0.0,
                    1.0
                ]
            ]
        },
        {
            "file_path": "train/0035.png",
            "transform_matrix": [
                [
                    0.880210816860199,
                    -0.4719456136226654,
                    0.049961525946855545,
                    0.09992305934429169
                ],
                [
                    0.474582701921463,
                    0.87531977891922,
                    -0.09266387671232224,
                    -0.18532776832580566
                ],
                [
                    0.0,
                    0.10527481883764267,
                    0.9944431185722351,
                    1.9888863563537598
                ],
                [
                    0.0,
                    0.0,
                    0.0,
                    1.0
                ]
            ]
        },
        {
            "file_path": "train/0036.png",
            "transform_matrix": [
                [
                    0.9101178050041199,
                    0.3475935161113739,
                    -0.22553101181983948,
                    -0.45106205344200134
                ],
                [
                    -0.4143495261669159,
                    0.7634884715080261,
                    -0.49537840485572815,
                    -0.9907568693161011
                ],
                [
                    0.0,
                    0.5443013906478882,
                    0.8388896584510803,
                    1.6777794361114502
                ],
                [
                    0.0,
                    0.0,
                    0.0,
                    1.0
                ]
            ]
        },
        {
            "file_path": "train/0037.png",
            "transform_matrix": [
                [
                    0.768401026725769,
                    -0.5773738026618958,
                    -0.2760421335697174,
                    -0.5520843267440796
                ],
                [
                    -0.6399684548377991,
                    -0.6932445168495178,
                    -0.33143988251686096,
                    -0.6628798246383667
                ],
                [
                    0.0,
                    0.43133705854415894,
                    -0.9021908044815063,
                    -1.8043817281723022
                ],
                [
                    0.0,
                    0.0,
                    0.0,
                    1.0
                ]
            ]
        },
        {
            "file_path": "train/0038.png",
            "transform_matrix": [
                [
                    -0.9683502912521362,
                    0.187636137008667,
                    0.16459156572818756,
                    0.3291831612586975
                ],
                [
                    0.2495950609445572,
                    0.7279691100120544,
                    0.6385634541511536,
                    1.2771270275115967
                ],
                [
                    7.450580152834618e-09,
                    0.65943443775177,
                    -0.7517620325088501,
                    -1.5035241842269897
                ],
                [
                    0.0,
                    0.0,
                    0.0,
                    1.0
                ]
            ]
        },
        {
            "file_path": "train/0039.png",
            "transform_matrix": [
                [
                    0.2571594715118408,
                    -0.6955277323722839,
                    0.6709024906158447,
                    1.341805100440979
                ],
                [
                    0.9663689732551575,
                    0.185086190700531,
                    -0.17853321135044098,
                    -0.35706645250320435
                ],
                [
                    1.4901160305669237e-08,
                    0.6942508816719055,
                    0.7197329998016357,
                    1.439466118812561
                ],
                [
                    0.0,
                    0.0,
                    0.0,
                    1.0
                ]
            ]
        },
        {
            "file_path": "train/0040.png",
            "transform_matrix": [
                [
                    -0.6798580288887024,
                    0.08862372487783432,
                    -0.7279689311981201,
                    -1.4559379816055298
                ],
                [
                    -0.7333436608314514,
                    -0.08216004818677902,
                    0.6748752593994141,
                    1.3497506380081177
                ],
                [
                    -3.725290076417309e-09,
                    0.9926709532737732,
                    0.12084881216287613,
                    0.24169763922691345
                ],
                [
                    0.0,
                    0.0,
                    0.0,
                    1.0
                ]
            ]
        },
        {
            "file_path": "train/0041.png",
            "transform_matrix": [
                [
                    0.7682124972343445,
                    0.6323062777519226,
                    -0.10019128024578094,
                    -0.2003825455904007
                ],
                [
                    -0.6401948928833008,
                    0.7587464451789856,
                    -0.12022619694471359,
                    -0.240452378988266
                ],
                [
                    0.0,
                    0.15650154650211334,
                    0.987677812576294,
                    1.9753555059432983
                ],
                [
                    0.0,
                    0.0,
                    0.0,
                    1.0
                ]
            ]
        },
        {
            "file_path": "train/0042.png",
            "transform_matrix": [
                [
                    0.23986651003360748,
                    -0.32181257009506226,
                    -0.9159151911735535,
                    -1.8318305015563965
                ],
                [
                    -0.970805823802948,
                    -0.07951337844133377,
                    -0.22630412876605988,
                    -0.45260828733444214
                ],
                [
                    0.0,
                    0.9434587359428406,
                    -0.33149006962776184,
                    -0.6629801988601685
                ],
                [
                    0.0,
                    0.0,
                    0.0,
                    1.0
                ]
            ]
        },
        {
            "file_path": "train/0043.png",
            "transform_matrix": [
                [
                    0.5435712337493896,
                    0.8103440999984741,
                    0.2187981903553009,
                    0.4375964105129242
                ],
                [
                    0.8393630385398865,
                    -0.5247786045074463,
                    -0.14169363677501678,
                    -0.28338730335235596
                ],
                [
                    0.0,
                    0.26067155599594116,
                    -0.9654274582862854,
                    -1.9308550357818604
                ],
                [
                    0.0,
                    0.0,
                    0.0,
                    1.0
                ]
            ]
        },
        {
            "file_path": "train/0044.png",
            "transform_matrix": [
                [
                    -0.990568995475769,
                    -0.1366274654865265,
                    -0.01029668003320694,
                    -0.02059336192905903
                ],
                [
                    -0.13701491057872772,
                    0.9877678751945496,
                    0.0744413211941719,
                    0.148882657289505
                ],
                [
                    9.313225746154785e-10,
                    0.07515016198158264,
                    -0.9971721768379211,
                    -1.9943444728851318
                ],
                [
                    0.0,
                    0.0,
                    0.0,
                    1.0
                ]
            ]
        },
        {
            "file_path": "train/0045.png",
            "transform_matrix": [
                [
                    0.6457707285881042,
                    0.6176940202713013,
                    0.44881415367126465,
                    0.8976283669471741
                ],
                [
                    0.7635312676429749,
                    -0.522426187992096,
                    -0.3795929253101349,
                    -0.7591859102249146
                ],
                [
                    -1.4901160305669237e-08,
                    0.5878137350082397,
                    -0.8089962601661682,
                    -1.617992639541626
                ],
                [
                    0.0,
                    0.0,
                    0.0,
                    1.0
                ]
            ]
        },
        {
            "file_path": "train/0046.png",
            "transform_matrix": [
                [
                    -0.8021441698074341,
                    -0.5405969023704529,
                    -0.25361329317092896,
                    -0.5072266459465027
                ],
                [
                    -0.5971304178237915,
                    0.7262008786201477,
                    0.34068676829338074,
                    0.6813735961914062
                ],
                [
                    0.0,
                    0.4247201085090637,
                    -0.9053246378898621,
                    -1.8106493949890137
                ],
                [
                    0.0,
                    0.0,
                    0.0,
                    1.0
                ]
            ]
        },
        {
            "file_path": "train/0047.png",
            "transform_matrix": [
                [
                    0.29798832535743713,
                    0.6451320648193359,
                    -0.7035676836967468,
                    -1.4071354866027832
                ],
                [
                    -0.9545694589614868,
                    0.20139113068580627,
                    -0.21963301301002502,
                    -0.43926605582237244
                ],
                [
                    0.0,
                    0.7370524406433105,
                    0.6758355498313904,
                    1.3516712188720703
                ],
                [
                    0.0,
                    0.0,
                    0.0,
                    1.0
                ]
            ]
        },
        {
            "file_path": "train/0048.png",
            "transform_matrix": [
                [
                    -0.40798357129096985,
                    0.7806693315505981,
                    0.4733971357345581,
                    0.946794331073761
                ],
                [
                    0.9129891991615295,
                    0.3488543629646301,
                    0.2115449607372284,
                    0.4230899512767792
                ],
                [
                    1.4901160305669237e-08,
                    0.5185133218765259,
                    -0.8550694584846497,
                    -1.7101390361785889
                ],
                [
                    0.0,
                    0.0,
                    0.0,
                    1.0
                ]
            ]
        },
        {
            "file_path": "train/0049.png",
            "transform_matrix": [
                [
                    -0.015477578155696392,
                    -0.10143551975488663,
                    -0.9947216510772705,
                    -1.9894434213638306
                ],
                [
                    -0.9998802542686462,
                    0.0015701642259955406,
                    0.015397725626826286,
                    0.030795453116297722
                ],
                [
                    1.1641532182693481e-10,
                    0.9948408603668213,
                    -0.10144767165184021,
                    -0.2028953582048416
                ],
                [
                    0.0,
                    0.0,
                    0.0,
                    1.0
                ]
            ]
        },
        {
            "file_path": "train/0050.png",
            "transform_matrix": [
                [
                    0.9991706609725952,
                    -0.04071391746401787,
                    -0.0005651246174238622,
                    -0.0011302493512630463
                ],
                [
                    -0.04071783646941185,
                    -0.9990745186805725,
                    -0.013867533765733242,
                    -0.027735069394111633
                ],
                [
                    0.0,
                    0.013880077749490738,
                    -0.9999036192893982,
                    -1.999807357788086
                ],
                [
                    0.0,
                    0.0,
                    0.0,
                    1.0
                ]
            ]
        },
        {
            "file_path": "train/0051.png",
            "transform_matrix": [
                [
                    0.1355815827846527,
                    -0.9331952333450317,
                    0.33281266689300537,
                    0.6656253933906555
                ],
                [
                    0.9907662272453308,
                    0.12770327925682068,
                    -0.04554380849003792,
                    -0.09108762443065643
                ],
                [
                    -7.450580596923828e-09,
                    0.33591440320014954,
                    0.9418924450874329,
                    1.8837850093841553
                ],
                [
                    0.0,
                    0.0,
                    0.0,
                    1.0
                ]
            ]
        },
        {
            "file_path": "train/0052.png",
            "transform_matrix": [
                [
                    -0.6713446378707886,
                    -0.5714733004570007,
                    0.4719264507293701,
                    0.943852961063385
                ],
                [
                    0.7411452531814575,
                    -0.5176522731781006,
                    0.42748066782951355,
                    0.8549613952636719
                ],
                [
                    0.0,
                    0.6367529630661011,
                    0.7710677981376648,
                    1.5421357154846191
                ],
                [
                    0.0,
                    0.0,
                    0.0,
                    1.0
                ]
            ]
        },
        {
            "file_path": "train/0053.png",
            "transform_matrix": [
                [
                    0.5163618326187134,
                    -0.5562581419944763,
                    0.6511123776435852,
                    1.3022247552871704
                ],
                [
                    0.8563703894615173,
                    0.33540451526641846,
                    -0.39259839057922363,
                    -0.7851967215538025
                ],
                [
                    1.4901158529312397e-08,
                    0.7603161931037903,
                    0.6495530605316162,
                    1.2991061210632324
                ],
                [
                    0.0,
                    0.0,
                    0.0,
                    1.0
                ]
            ]
        },
        {
            "file_path": "train/0054.png",
            "transform_matrix": [
                [
                    0.5376284718513489,
                    0.8029443621635437,
                    -0.2573631703853607,
                    -0.5147264003753662
                ],
                [
                    -0.8431817889213562,
                    0.5119723677635193,
                    -0.1640995740890503,
                    -0.328199177980423
                ],
                [
                    1.4901161193847656e-08,
                    0.3052286207675934,
                    0.9522790312767029,
                    1.9045581817626953
                ],
                [
                    0.0,
                    0.0,
                    0.0,
                    1.0
                ]
            ]
        },
        {
            "file_path": "train/0055.png",
            "transform_matrix": [
                [
                    -0.2125033140182495,
                    -0.9090912342071533,
                    -0.3583229184150696,
                    -0.7166458368301392
                ],
                [
                    -0.9771603345870972,
                    0.19770030677318573,
                    0.07792457193136215,
                    0.1558491438627243
                ],
                [
                    7.450580152834618e-09,
                    0.36669832468032837,
                    -0.9303399920463562,
                    -1.8606798648834229
                ],
                [
                    0.0,
                    0.0,
                    0.0,
                    1.0
                ]
            ]
        },
        {
            "file_path": "train/0056.png",
            "transform_matrix": [
                [
                    0.2642712891101837,
                    -0.8153272271156311,
                    -0.5151719450950623,
                    -1.030344009399414
                ],
                [
                    -0.9644483923912048,
                    -0.22341015934944153,
                    -0.14116375148296356,
                    -0.2823275327682495
                ],
                [
                    0.0,
                    0.5341623425483704,
                    -0.8453818559646606,
                    -1.6907638311386108
                ],
                [
                    0.0,
                    0.0,
                    0.0,
                    1.0
                ]
            ]
        },
        {
            "file_path": "train/0057.png",
            "transform_matrix": [
                [
                    0.48591718077659607,
                    0.2400190830230713,
                    -0.840401828289032,
                    -1.6808037757873535
                ],
                [
                    -0.8740049004554749,
                    0.1334424912929535,
                    -0.4672349989414215,
                    -0.9344700574874878
                ],
                [
                    0.0,
                    0.9615529179573059,
                    0.27461981773376465,
                    0.5492396950721741
                ],
                [
                    0.0,
                    0.0,
                    0.0,
                    1.0
                ]
            ]
        },
        {
            "file_path": "train/0058.png",
            "transform_matrix": [
                [
                    0.9868747591972351,
                    0.14723849296569824,
                    -0.06632452458143234,
                    -0.13264906406402588
                ],
                [
                    -0.1614871770143509,
                    0.8997986316680908,
                    -0.40532010793685913,
                    -0.810640275478363
                ],
                [
                    -3.725290076417309e-09,
                    0.4107106626033783,
                    0.9117656350135803,
                    1.8235313892364502
                ],
                [
                    0.0,
                    0.0,
                    0.0,
                    1.0
                ]
            ]
        },
        {
            "file_path": "train/0059.png",
            "transform_matrix": [
                [
                    0.9347609877586365,
                    0.31350213289260864,
                    0.16714736819267273,
                    0.33429476618766785
                ],
                [
                    0.3552771210670471,
                    -0.8248478174209595,
                    -0.43977734446525574,
                    -0.8795547485351562
                ],
                [
                    1.4901161193847656e-08,
                    0.4704703688621521,
                    -0.8824157118797302,
                    -1.76483154296875
                ],
                [
                    0.0,
                    0.0,
                    0.0,
                    1.0
                ]
            ]
        },
        {
            "file_path": "train/0060.png",
            "transform_matrix": [
                [
                    0.03462953120470047,
                    0.9366649985313416,
                    0.3485104739665985,
                    0.6970210075378418
                ],
                [
                    0.9994001984596252,
                    -0.03245573863387108,
                    -0.012075998820364475,
                    -0.0241519995033741
                ],
                [
                    0.0,
                    0.34871965646743774,
                    -0.9372270107269287,
                    -1.874454140663147
                ],
                [
                    0.0,
                    0.0,
                    0.0,
                    1.0
                ]
            ]
        },
        {
            "file_path": "train/0061.png",
            "transform_matrix": [
                [
                    0.437163382768631,
                    -0.41821399331092834,
                    0.7962318062782288,
                    1.592463731765747
                ],
                [
                    0.8993820548057556,
                    0.20328164100646973,
                    -0.3870250880718231,
                    -0.774050235748291
                ],
                [
                    0.0,
                    0.8853098750114441,
                    0.4650014638900757,
                    0.9300029873847961
                ],
                [
                    0.0,
                    0.0,
                    0.0,
                    1.0
                ]
            ]
        },
        {
            "file_path": "train/0062.png",
            "transform_matrix": [
                [
                    -0.33791470527648926,
                    -0.2573993504047394,
                    -0.9052951335906982,
                    -1.810590147972107
                ],
                [
                    -0.9411766529083252,
                    0.09241519868373871,
                    0.32503199577331543,
                    0.6500639915466309
                ],
                [
                    0.0,
                    0.9618757963180542,
                    -0.2734867334365845,
                    -0.546973466873169
                ],
                [
                    0.0,
                    0.0,
                    0.0,
                    1.0
                ]
            ]
        },
        {
            "file_path": "train/0063.png",
            "transform_matrix": [
                [
                    0.14924240112304688,
                    0.6758880019187927,
                    0.7217355370521545,
                    1.4434711933135986
                ],
                [
                    0.988800585269928,
                    -0.10201364010572433,
                    -0.10893353819847107,
                    -0.21786709129810333
                ],
                [
                    0.0,
                    0.729910135269165,
                    -0.6835430860519409,
                    -1.3670862913131714
                ],
                [
                    0.0,
                    0.0,
                    0.0,
                    1.0
                ]
            ]
        },
        {
            "file_path": "train/0064.png",
            "transform_matrix": [
                [
                    -0.5104252099990845,
                    -0.20179633796215057,
                    -0.8359091877937317,
                    -1.671818494796753
                ],
                [
                    -0.8599221110343933,
                    0.11978055536746979,
                    0.49617189168930054,
                    0.9923438429832458
                ],
                [
                    -7.450580152834618e-09,
                    0.9720755815505981,
                    -0.23466813564300537,
                    -0.46933630108833313
                ],
                [
                    0.0,
                    0.0,
                    0.0,
                    1.0
                ]
            ]
        },
        {
            "file_path": "train/0065.png",
            "transform_matrix": [
                [
                    -0.4303726851940155,
                    0.8274809718132019,
                    0.3606306314468384,
                    0.7212612628936768
                ],
                [
                    0.9026512503623962,
                    0.3945324122905731,
                    0.17194409668445587,
                    0.34388819336891174
                ],
                [
                    -1.4901160305669237e-08,
                    0.39952385425567627,
                    -0.9167228937149048,
                    -1.83344566822052
                ],
                [
                    0.0,
                    0.0,
                    0.0,
                    1.0
                ]
            ]
        },
        {
            "file_path": "train/0066.png",
            "transform_matrix": [
                [
                    0.45283547043800354,
                    0.0894860178232193,
                    -0.8870919942855835,
                    -1.7741841077804565
                ],
                [
                    -0.8915940523147583,
                    0.045449431985616684,
                    -0.4505488872528076,
                    -0.90109783411026
                ],
                [
                    0.0,
                    0.994950532913208,
                    0.10036630928516388,
                    0.20073263347148895
                ],
                [
                    0.0,
                    0.0,
                    0.0,
                    1.0
                ]
            ]
        },
        {
            "file_path": "train/0067.png",
            "transform_matrix": [
                [
                    -0.9986302256584167,
                    -0.04874417185783386,
                    0.01901494711637497,
                    0.03802989795804024
                ],
                [
                    0.05232171714305878,
                    -0.9303479194641113,
                    0.36292579770088196,
                    0.7258516550064087
                ],
                [
                    0.0,
                    0.3634236454963684,
                    0.9316239356994629,
                    1.8632479906082153
                ],
                [
                    0.0,
                    0.0,
                    0.0,
                    1.0
                ]
            ]
        },
        {
            "file_path": "train/0068.png",
            "transform_matrix": [
                [
                    0.9158501029014587,
                    0.3308977484703064,
                    -0.22743187844753265,
                    -0.4548637866973877
                ],
                [
                    -0.401520311832428,
                    0.754763126373291,
                    -0.5187619924545288,
                    -1.0375241041183472
                ],
                [
                    1.4901160305669237e-08,
                    0.5664268136024475,
                    0.8241119980812073,
                    1.648224115371704
                ],
                [
                    0.0,
                    0.0,
                    0.0,
                    1.0
                ]
            ]
        },
        {
            "file_path": "train/0069.png",
            "transform_matrix": [
                [
                    0.5370503664016724,
                    0.2306516319513321,
                    0.8114040493965149,
                    1.6228082180023193
                ],
                [
                    0.8435500860214233,
                    -0.1468455195426941,
                    -0.5165844559669495,
                    -1.0331690311431885
                ],
                [
                    -7.450580152834618e-09,
                    0.9618920087814331,
                    -0.27342963218688965,
                    -0.5468593239784241
                ],
                [
                    0.0,
                    0.0,
                    0.0,
                    1.0
                ]
            ]
        },
        {
            "file_path": "train/0070.png",
            "transform_matrix": [
                [
                    0.8945352435112,
                    0.3257904052734375,
                    0.3060511350631714,
                    0.6121023297309875
                ],
                [
                    0.44699743390083313,
                    -0.651974618434906,
                    -0.6124722361564636,
                    -1.2249445915222168
                ],
                [
                    0.0,
                    0.6846821308135986,
                    -0.7288417220115662,
                    -1.4576835632324219
                ],
                [
                    0.0,
                    0.0,
                    0.0,
                    1.0
                ]
            ]
        },
        {
            "file_path": "train/0071.png",
            "transform_matrix": [
                [
                    0.44516029953956604,
                    -0.7426219582557678,
                    -0.5003447532653809,
                    -1.0006896257400513
                ],
                [
                    -0.8954508304595947,
                    -0.36918365955352783,
                    -0.248739093542099,
                    -0.4974782168865204
                ],
                [
                    0.0,
                    0.5587629675865173,
                    -0.8293273448944092,
                    -1.658654808998108
                ],
                [
                    0.0,
                    0.0,
                    0.0,
                    1.0
                ]
            ]
        },
        {
            "file_path": "train/0072.png",
            "transform_matrix": [
                [
                    0.9825037717819214,
                    0.18622547388076782,
                    0.002504660515114665,
                    0.005009321495890617
                ],
                [
                    0.18624228239059448,
                    -0.9824150800704956,
                    -0.013213102705776691,
                    -0.026426207274198532
                ],
                [
                    0.0,
                    0.013446991331875324,
                    -0.999909520149231,
                    -1.9998191595077515
                ],
                [
                    0.0,
                    0.0,
                    0.0,
                    1.0
                ]
            ]
        },
        {
            "file_path": "train/0073.png",
            "transform_matrix": [
                [
                    -0.7715997099876404,
                    -0.6331790685653687,
                    -0.06097644194960594,
                    -0.12195289134979248
                ],
                [
                    -0.6361083388328552,
                    0.768046498298645,
                    0.0739644467830658,
                    0.14792890846729279
                ],
                [
                    0.0,
                    0.09585881978273392,
                    -0.9953948855400085,
                    -1.9907898902893066
                ],
                [
                    0.0,
                    0.0,
                    0.0,
                    1.0
                ]
            ]
        },
        {
            "file_path": "train/0074.png",
            "transform_matrix": [
                [
                    -0.303962379693985,
                    -0.878135085105896,
                    -0.3694397509098053,
                    -0.7388795614242554
                ],
                [
                    -0.9526839256286621,
                    0.28017690777778625,
                    0.11787308752536774,
                    0.23574618995189667
                ],
                [
                    -7.4505792646561986e-09,
                    0.3877882957458496,
                    -0.9217483997344971,
                    -1.8434969186782837
                ],
                [
                    0.0,
                    0.0,
                    0.0,
                    1.0
                ]
            ]
        },
        {
            "file_path": "train/0075.png",
            "transform_matrix": [
                [
                    0.7265699505805969,
                    -0.6537107229232788,
                    0.21156175434589386,
                    0.42312347888946533
                ],
                [
                    0.6870924830436707,
                    0.6912702322006226,
                    -0.22371722757816315,
                    -0.4474344253540039
                ],
                [
                    0.0,
                    0.307908833026886,
                    0.9514159560203552,
                    1.902831792831421
                ],
                [
                    0.0,
                    0.0,
                    0.0,
                    1.0
                ]
            ]
        },
        {
            "file_path": "train/0076.png",
            "transform_matrix": [
                [
                    0.9527594447135925,
                    0.13942725956439972,
                    0.2698323726654053,
                    0.5396648049354553
                ],
                [
                    0.3037259876728058,
                    -0.4373700022697449,
                    -0.8464384078979492,
                    -1.692876935005188
                ],
                [
                    7.450580152834618e-09,
                    0.8884073495864868,
                    -0.45905598998069763,
                    -0.91811203956604
                ],
                [
                    0.0,
                    0.0,
                    0.0,
                    1.0
                ]
            ]
        },
        {
            "file_path": "train/0077.png",
            "transform_matrix": [
                [
                    0.9190518260002136,
                    -0.324552059173584,
                    0.2236282229423523,
                    0.4472564160823822
                ],
                [
                    0.3941364884376526,
                    0.7567940354347229,
                    -0.5214586853981018,
                    -1.0429173707962036
                ],
                [
                    -1.4901158529312397e-08,
                    0.5673876404762268,
                    0.8234508633613586,
                    1.6469016075134277
                ],
                [
                    0.0,
                    0.0,
                    0.0,
                    1.0
                ]
            ]
        },
        {
            "file_path": "train/0078.png",
            "transform_matrix": [
                [
                    -0.7914478182792664,
                    0.3577556908130646,
                    0.4956018328666687,
                    0.9912037253379822
                ],
                [
                    0.6112366914749146,
                    0.46323293447494507,
                    0.6417202353477478,
                    1.2834405899047852
                ],
                [
                    -1.4901160305669237e-08,
                    0.8108181953430176,
                    -0.5852980613708496,
                    -1.1705962419509888
                ],
                [
                    0.0,
                    0.0,
                    0.0,
                    1.0
                ]
            ]
        },
        {
            "file_path": "train/0079.png",
            "transform_matrix": [
                [
                    0.9908969402313232,
                    0.1299828290939331,
                    0.03503889590501785,
                    0.0700777992606163
                ],
                [
                    0.13462266325950623,
                    -0.9567452073097229,
                    -0.2579055726528168,
                    -0.5158112049102783
                ],
                [
                    0.0,
                    0.2602747976779938,
                    -0.965534508228302,
                    -1.9310691356658936
                ],
                [
                    0.0,
                    0.0,
                    0.0,
                    1.0
                ]
            ]
        },
        {
            "file_path": "train/0080.png",
            "transform_matrix": [
                [
                    0.03731604665517807,
                    -0.9565644264221191,
                    -0.28912270069122314,
                    -0.5782454609870911
                ],
                [
                    -0.9993034601211548,
                    -0.035720087587833405,
                    -0.010796437971293926,
                    -0.021592877805233
                ],
                [
                    0.0,
                    0.28932425379753113,
                    -0.9572311043739319,
                    -1.9144623279571533
                ],
                [
                    0.0,
                    0.0,
                    0.0,
                    1.0
                ]
            ]
        },
        {
            "file_path": "train/0081.png",
            "transform_matrix": [
                [
                    -0.789077639579773,
                    0.6130563020706177,
                    0.0389673076570034,
                    0.0779346227645874
                ],
                [
                    0.6142933964729309,
                    0.7874884605407715,
                    0.050054628401994705,
                    0.10010926425457001
                ],
                [
                    0.0,
                    0.06343422830104828,
                    -0.9979859590530396,
                    -1.9959720373153687
                ],
                [
                    0.0,
                    0.0,
                    0.0,
                    1.0
                ]
            ]
        },
        {
            "file_path": "train/0082.png",
            "transform_matrix": [
                [
                    0.024149149656295776,
                    -0.621445894241333,
                    0.7830848097801208,
                    1.5661697387695312
                ],
                [
                    0.999708354473114,
                    0.015011768788099289,
                    -0.01891634799540043,
                    -0.037832699716091156
                ],
                [
                    -9.313225191043273e-10,
                    0.7833133339881897,
                    0.6216270923614502,
                    1.24325430393219
                ],
                [
                    0.0,
                    0.0,
                    0.0,
                    1.0
                ]
            ]
        },
        {
            "file_path": "train/0083.png",
            "transform_matrix": [
                [
                    -0.9932745099067688,
                    -0.09931018203496933,
                    0.05952483043074608,
                    0.11904966831207275
                ],
                [
                    0.11578305810689926,
                    -0.8519577383995056,
                    0.5106489062309265,
                    1.0212979316711426
                ],
                [
                    0.0,
                    0.5141065120697021,
                    0.8577262759208679,
                    1.7154526710510254
                ],
                [
                    0.0,
                    0.0,
                    0.0,
                    1.0
                ]
            ]
        },
        {
            "file_path": "train/0084.png",
            "transform_matrix": [
                [
                    0.9502547383308411,
                    -0.23357179760932922,
                    -0.20605845749378204,
                    -0.4121169447898865
                ],
                [
                    -0.31147369742393494,
                    -0.712588906288147,
                    -0.6286502480506897,
                    -1.257300615310669
                ],
                [
                    0.0,
                    0.6615597605705261,
                    -0.7498924136161804,
                    -1.4997849464416504
                ],
                [
                    0.0,
                    0.0,
                    0.0,
                    1.0
                ]
            ]
        },
        {
            "file_path": "train/0085.png",
            "transform_matrix": [
                [
                    0.9661543369293213,
                    -0.2530762553215027,
                    0.049982599914073944,
                    0.09996520727872849
                ],
                [
                    0.2579648196697235,
                    0.9478451609611511,
                    -0.18719956278800964,
                    -0.3743991553783417
                ],
                [
                    0.0,
                    0.1937573403120041,
                    0.9810494184494019,
                    1.9620989561080933
                ],
                [
                    0.0,
                    0.0,
                    0.0,
                    1.0
                ]
            ]
        },
        {
            "file_path": "train/0086.png",
            "transform_matrix": [
                [
                    -0.7938176989555359,
                    -0.2268039733171463,
                    0.5642812252044678,
                    1.128562569618225
                ],
                [
                    0.6081556677818298,
                    -0.296044260263443,
                    0.736548900604248,
                    1.4730979204177856
                ],
                [
                    1.4901160305669237e-08,
                    0.9278565645217896,
                    0.37293729186058044,
                    0.7458746433258057
                ],
                [
                    0.0,
                    0.0,
                    0.0,
                    1.0
                ]
            ]
        },
        {
            "file_path": "train/0087.png",
            "transform_matrix": [
                [
                    -0.600476086139679,
                    0.29664844274520874,
                    -0.7425820231437683,
                    -1.4851641654968262
                ],
                [
                    -0.7996426224708557,
                    -0.22276237607002258,
                    0.5576274991035461,
                    1.1152551174163818
                ],
                [
                    -1.4901160305669237e-08,
                    0.9286423921585083,
                    0.37097617983818054,
                    0.7419524192810059
                ],
                [
                    0.0,
                    0.0,
                    0.0,
                    1.0
                ]
            ]
        },
        {
            "file_path": "train/0088.png",
            "transform_matrix": [
                [
                    0.487747460603714,
                    -0.6836884617805481,
                    -0.5428374409675598,
                    -1.0856750011444092
                ],
                [
                    -0.8729847073554993,
                    -0.38198527693748474,
                    -0.30329006910324097,
                    -0.6065801978111267
                ],
                [
                    1.4901160305669237e-08,
                    0.6218177080154419,
                    -0.7831618785858154,
                    -1.5663238763809204
                ],
                [
                    0.0,
                    0.0,
                    0.0,
                    1.0
                ]
            ]
        },
        {
            "file_path": "train/0089.png",
            "transform_matrix": [
                [
                    -0.9579295516014099,
                    -0.23968788981437683,
                    0.1578628122806549,
                    0.3157256543636322
                ],
                [
                    0.28700336813926697,
                    -0.8000048398971558,
                    0.5268977880477905,
                    1.0537956953048706
                ],
                [
                    -1.4901160305669237e-08,
                    0.5500381588935852,
                    0.8351394534111023,
                    1.6702790260314941
                ],
                [
                    0.0,
                    0.0,
                    0.0,
                    1.0
                ]
            ]
        },
        {
            "file_path": "train/0090.png",
            "transform_matrix": [
                [
                    -0.5010181665420532,
                    -0.40556758642196655,
                    0.7645231485366821,
                    1.5290464162826538
                ],
                [
                    0.8654367327690125,
                    -0.23479098081588745,
                    0.442597359418869,
                    0.8851947784423828
                ],
                [
                    0.0,
                    0.883395791053772,
                    0.46862760186195374,
                    0.9372552633285522
                ],
                [
                    0.0,
                    0.0,
                    0.0,
                    1.0
                ]
            ]
        },
        {
            "file_path": "train/0091.png",
            "transform_matrix": [
                [
                    0.47599169611930847,
                    0.8073060512542725,
                    0.3488391041755676,
                    0.69767826795578
                ],
                [
                    0.8794497847557068,
                    -0.43694478273391724,
                    -0.1888050138950348,
                    -0.37761005759239197
                ],
                [
                    0.0,
                    0.39665618538856506,
                    -0.9179672002792358,
                    -1.8359345197677612
                ],
                [
                    0.0,
                    0.0,
                    0.0,
                    1.0
                ]
            ]
        },
        {
            "file_path": "train/0092.png",
            "transform_matrix": [
                [
                    0.5233374834060669,
                    0.8515886068344116,
                    0.030245453119277954,
                    0.06049090251326561
                ],
                [
                    0.8521254658699036,
                    -0.5230077505111694,
                    -0.018575407564640045,
                    -0.03715081512928009
                ],
                [
                    0.0,
                    0.035494983196258545,
                    -0.9993699193000793,
                    -1.9987397193908691
                ],
                [
                    0.0,
                    0.0,
                    0.0,
                    1.0
                ]
            ]
        },
        {
            "file_path": "train/0093.png",
            "transform_matrix": [
                [
                    0.28984305262565613,
                    0.6804898381233215,
                    -0.6729966402053833,
                    -1.3459933996200562
                ],
                [
                    -0.9570742249488831,
                    0.20608147978782654,
                    -0.20381219685077667,
                    -0.40762442350387573
                ],
                [
                    1.4901161193847656e-08,
                    0.7031813263893127,
                    0.7110105156898499,
                    1.4220211505889893
                ],
                [
                    0.0,
                    0.0,
                    0.0,
                    1.0
                ]
            ]
        },
        {
            "file_path": "train/0094.png",
            "transform_matrix": [
                [
                    -0.9979625344276428,
                    -0.0635628029704094,
                    -0.00553193548694253,
                    -0.011063871905207634
                ],
                [
                    -0.06380307674407959,
                    0.9942043423652649,
                    0.08652660995721817,
                    0.17305323481559753
                ],
                [
                    4.656612873077393e-10,
                    0.08670326322317123,
                    -0.996234118938446,
                    -1.9924683570861816
                ],
                [
                    0.0,
                    0.0,
                    0.0,
                    1.0
                ]
            ]
        },
        {
            "file_path": "train/0095.png",
            "transform_matrix": [
                [
                    0.7264072895050049,
                    -0.5747172236442566,
                    0.37687206268310547,
                    0.7537441849708557
                ],
                [
                    0.6872643828392029,
                    0.607450008392334,
                    -0.3983366787433624,
                    -0.7966734170913696
                ],
                [
                    1.4901160305669237e-08,
                    0.5483654141426086,
                    0.8362387418746948,
                    1.6724776029586792
                ],
                [
                    0.0,
                    0.0,
                    0.0,
                    1.0
                ]
            ]
        },
        {
            "file_path": "train/0096.png",
            "transform_matrix": [
                [
                    0.9398918747901917,
                    0.11784164607524872,
                    -0.32049426436424255,
                    -0.6409885287284851
                ],
                [
                    -0.34147214889526367,
                    0.3243556022644043,
                    -0.8821509480476379,
                    -1.7643017768859863
                ],
                [
                    -7.450580152834618e-09,
                    0.9385663270950317,
                    0.3450988233089447,
                    0.6901976466178894
                ],
                [
                    0.0,
                    0.0,
                    0.0,
                    1.0
                ]
            ]
        },
        {
            "file_path": "train/0097.png",
            "transform_matrix": [
                [
                    0.7847400307655334,
                    -0.302554726600647,
                    0.5409654378890991,
                    1.0819308757781982
                ],
                [
                    0.6198249459266663,
                    0.3830546438694,
                    -0.6848986148834229,
                    -1.3697972297668457
                ],
                [
                    -1.4901160305669237e-08,
                    0.8727712631225586,
                    0.48812931776046753,
                    0.9762585759162903
                ],
                [
                    0.0,
                    0.0,
                    0.0,
                    1.0
                ]
            ]
        },
        {
            "file_path": "train/0098.png",
            "transform_matrix": [
                [
                    -0.5673823356628418,
                    0.25409016013145447,
                    -0.7832722067832947,
                    -1.566544532775879
                ],
                [
                    -0.8234543800354004,
                    -0.1750749945640564,
                    0.5396957397460938,
                    1.079391598701477
                ],
                [
                    0.0,
                    0.9512028694152832,
                    0.3085660934448242,
                    0.6171322464942932
                ],
                [
                    0.0,
                    0.0,
                    0.0,
                    1.0
                ]
            ]
        },
        {
            "file_path": "train/0099.png",
            "transform_matrix": [
                [
                    -0.7927252650260925,
                    0.5852968096733093,
                    0.1703355610370636,
                    0.3406711518764496
                ],
                [
                    0.6095789074897766,
                    0.7611476182937622,
                    0.22151242196559906,
                    0.4430248737335205
                ],
                [
                    0.0,
                    0.2794314920902252,
                    -0.9601655602455139,
                    -1.9203312397003174
                ],
                [
                    0.0,
                    0.0,
                    0.0,
                    1.0
                ]
            ]
        },
        {
            "file_path": "train/0100.png",
            "transform_matrix": [
                [
                    0.488084614276886,
                    0.29691556096076965,
                    -0.820740282535553,
                    -1.6414804458618164
                ],
                [
                    -0.8727962374687195,
                    0.16604094207286835,
                    -0.45897388458251953,
                    -0.9179477095603943
                ],
                [
                    0.0,
                    0.9403571486473083,
                    0.3401888608932495,
                    0.680377721786499
                ],
                [
                    0.0,
                    0.0,
                    0.0,
                    1.0
                ]
            ]
        }
    ]
}