{
    "camera_angle_x": 0.6911112070083618,
    "camera_angle_y": 0.4710899591445923,
    "fl_x": 2666.6666666666665,
    "fl_y": 2666.6666666666665,
    "k1": 0.0,
    "k2": 0.0,
    "p1": 0.0,
    "p2": 0.0,
    "cx": 960.0,
    "cy": 540.0,
    "w": 1920.0,
    "h": 1080.0,
    "aabb_scale": 4,
    "frames": [
        {
            "file_path": "train/0001.png",
            "transform_matrix": [
                [
                    -0.2727447748184204,
                    0.910855233669281,
                    -0.30976298451423645,
                    -0.6195259690284729
                ],
                [
                    -0.9620864987373352,
                    -0.2582210898399353,
                    0.08781563490629196,
                    0.17563126981258392
                ],
                [
                    0.0,
                    0.32197004556655884,
                    0.9467498660087585,
                    1.893499732017517
                ],
                [
                    0.0,
                    0.0,
                    0.0,
                    1.0
                ]
            ]
        },
        {
            "file_path": "train/0002.png",
            "transform_matrix": [
                [
                    0.9971421360969543,
                    -0.07264991104602814,
                    -0.02072574570775032,
                    -0.04145149141550064
                ],
                [
                    -0.07554842531681061,
                    -0.9588854312896729,
                    -0.2735532224178314,
                    -0.5471064448356628
                ],
                [
                    1.8626449271863521e-09,
                    0.27433711290359497,
                    -0.961633563041687,
                    -1.923267126083374
                ],
                [
                    0.0,
                    0.0,
                    0.0,
                    1.0
                ]
            ]
        },
        {
            "file_path": "train/0003.png",
            "transform_matrix": [
                [
                    -0.9961601495742798,
                    -0.06979195773601532,
                    0.05285944044589996,
                    0.10571888089179993
                ],
                [
                    0.08755020052194595,
                    -0.7941039800643921,
                    0.6014431118965149,
                    1.2028862237930298
                ],
                [
                    0.0,
                    0.6037613749504089,
                    0.797165036201477,
                    1.594330072402954
                ],
                [
                    0.0,
                    0.0,
                    0.0,
                    1.0
                ]
            ]
        },
        {
            "file_path": "train/0004.png",
            "transform_matrix": [
                [
                    -0.6977230906486511,
                    0.03695093095302582,
                    0.7154139876365662,
                    1.4308279752731323
                ],
                [
                    0.7163676023483276,
                    0.03598923236131668,
                    0.6967942714691162,
                    1.3935885429382324
                ],
                [
                    -3.725290298461914e-09,
                    0.9986687898635864,
                    -0.051580969244241714,
                    -0.10316193848848343
                ],
                [
                    0.0,
                    0.0,
                    0.0,
                    1.0
                ]
            ]
        },
        {
            "file_path": "train/0005.png",
            "transform_matrix": [
                [
                    -0.963151216506958,
                    0.11749709397554398,
                    -0.24193857610225677,
                    -0.48387715220451355
                ],
                [
                    -0.2689606547355652,
                    -0.4207584261894226,
                    0.866384744644165,
                    1.73276948928833
                ],
                [
                    0.0,
                    0.8995314240455627,
                    0.4368560314178467,
                    0.8737120628356934
                ],
                [
                    0.0,
                    0.0,
                    0.0,
                    1.0
                ]
            ]
        },
        {
            "file_path": "train/0006.png",
            "transform_matrix": [
                [
                    -0.8943120837211609,
                    0.2610657215118408,
                    -0.36338767409324646,
                    -0.7267753481864929
                ],
                [
                    -0.44744372367858887,
                    -0.5217956900596619,
                    0.7263080477714539,
                    1.4526160955429077
                ],
                [
                    1.4901161193847656e-08,
                    0.8121415972709656,
                    0.5834603905677795,
                    1.166920781135559
                ],
                [
                    0.0,
                    0.0,
                    0.0,
                    1.0
                ]
            ]
        },
        {
            "file_path": "train/0007.png",
            "transform_matrix": [
                [
                    0.9893082976341248,
                    0.14176587760448456,
                    -0.0342281311750412,
                    -0.0684562623500824
                ],
                [
                    -0.1458394080400467,
                    0.9616753458976746,
                    -0.23218809068202972,
                    -0.46437618136405945
                ],
                [
                    0.0,
                    0.23469732701778412,
                    0.9720684885978699,
                    1.9441369771957397
                ],
                [
                    0.0,
                    0.0,
                    0.0,
                    1.0
                ]
            ]
        },
        {
            "file_path": "train/0008.png",
            "transform_matrix": [
                [
                    -0.23034441471099854,
                    -0.6807553172111511,
                    -0.6953514814376831,
                    -1.3907029628753662
                ],
                [
                    -0.9731091260910034,
                    0.16114142537117004,
                    0.16459648311138153,
                    0.32919296622276306
                ],
                [
                    0.0,
                    0.7145668268203735,
                    -0.6995672583580017,
                    -1.3991345167160034
                ],
                [
                    0.0,
                    0.0,
                    0.0,
                    1.0
                ]
            ]
        },
        {
            "file_path": "train/0009.png",
            "transform_matrix": [
                [
                    0.4337366819381714,
                    -0.8125873804092407,
                    -0.3893255591392517,
                    -0.7786511182785034
                ],
                [
                    -0.9010397791862488,
                    -0.3911580443382263,
                    -0.18741102516651154,
                    -0.37482205033302307
                ],
                [
                    1.4901161193847656e-08,
                    0.43208473920822144,
                    -0.9018329977989197,
                    -1.8036659955978394
                ],
                [
                    0.0,
                    0.0,
                    0.0,
                    1.0
                ]
            ]
        },
        {
            "file_path": "train/0010.png",
            "transform_matrix": [
                [
                    0.29476356506347656,
                    0.8889688849449158,
                    0.35049787163734436,
                    0.7009957432746887
                ],
                [
                    0.9555702209472656,
                    -0.2742191255092621,
                    -0.10811764746904373,
                    -0.21623529493808746
                ],
                [
                    -7.450580596923828e-09,
                    0.3667944371700287,
                    -0.9303020238876343,
                    -1.8606040477752686
                ],
                [
                    0.0,
                    0.0,
                    0.0,
                    1.0
                ]
            ]
        },
        {
            "file_path": "train/0011.png",
            "transform_matrix": [
                [
                    0.15909820795059204,
                    0.5421723127365112,
                    0.8250678181648254,
                    1.6501356363296509
                ],
                [
                    0.9872628450393677,
                    -0.08737151324748993,
                    -0.13296034932136536,
                    -0.2659206986427307
                ],
                [
                    0.0,
                    0.8357124924659729,
                    -0.5491672158241272,
                    -1.0983344316482544
                ],
                [
                    0.0,
                    0.0,
                    0.0,
                    1.0
                ]
            ]
        },
        {
            "file_path": "train/0012.png",
            "transform_matrix": [
                [
                    0.9983985424041748,
                    0.022383183240890503,
                    0.051955386996269226,
                    0.10391077399253845
                ],
                [
                    0.056571803987026215,
                    -0.3950260579586029,
                    -0.9169264435768127,
                    -1.8338528871536255
                ],
                [
                    0.0,
                    0.9183971881866455,
                    -0.3956596851348877,
                    -0.7913193702697754
                ],
                [
                    0.0,
                    0.0,
                    0.0,
                    1.0
                ]
            ]
        },
        {
            "file_path": "train/0013.png",
            "transform_matrix": [
                [
                    0.6219446063041687,
                    -0.22984939813613892,
                    -0.7485681176185608,
                    -1.4971362352371216
                ],
                [
                    -0.7830613851547241,
                    -0.18255731463432312,
                    -0.5945484042167664,
                    -1.1890968084335327
                ],
                [
                    1.4901162970204496e-08,
                    0.955950915813446,
                    -0.29352667927742004,
                    -0.5870533585548401
                ],
                [
                    0.0,
                    0.0,
                    0.0,
                    1.0
                ]
            ]
        },
        {
            "file_path": "train/0014.png",
            "transform_matrix": [
                [
                    0.21665820479393005,
                    -0.9736312031745911,
                    0.07142536342144012,
                    0.14285072684288025
                ],
                [
                    0.9762475490570068,
                    0.21607756614685059,
                    -0.015851400792598724,
                    -0.03170280158519745
                ],
                [
                    0.0,
                    0.07316242903470993,
                    0.9973199963569641,
                    1.9946399927139282
                ],
                [
                    0.0,
                    0.0,
                    0.0,
                    1.0
                ]
            ]
        },
        {
            "file_path": "train/0015.png",
            "transform_matrix": [
                [
                    -0.7643792629241943,
                    -0.6399238705635071,
                    -0.07887843996286392,
                    -0.15775687992572784
                ],
                [
                    -0.6447668671607971,
                    0.7586377859115601,
                    0.09351138770580292,
                    0.18702277541160583
                ],
                [
                    -3.725290298461914e-09,
                    0.12233638763427734,
                    -0.99248868227005,
                    -1.9849773645401
                ],
                [
                    0.0,
                    0.0,
                    0.0,
                    1.0
                ]
            ]
        },
        {
            "file_path": "train/0016.png",
            "transform_matrix": [
                [
                    -0.13769015669822693,
                    -0.345392644405365,
                    0.9283024072647095,
                    1.856604814529419
                ],
                [
                    0.9904753565788269,
                    -0.04801448807120323,
                    0.129047229886055,
                    0.25809445977211
                ],
                [
                    3.725290298461914e-09,
                    0.9372291564941406,
                    0.34871402382850647,
                    0.6974280476570129
                ],
                [
                    0.0,
                    0.0,
                    0.0,
                    1.0
                ]
            ]
        },
        {
            "file_path": "train/0017.png",
            "transform_matrix": [
                [
                    0.9081823229789734,
                    -0.22109802067279816,
                    -0.3554161489009857,
                    -0.7108322978019714
                ],
                [
                    -0.4185749292373657,
                    -0.47971653938293457,
                    -0.7711466550827026,
                    -1.5422933101654053
                ],
                [
                    -1.4901161193847656e-08,
                    0.849109947681427,
                    -0.5282161235809326,
                    -1.0564322471618652
                ],
                [
                    0.0,
                    0.0,
                    0.0,
                    1.0
                ]
            ]
        },
        {
            "file_path": "train/0018.png",
            "transform_matrix": [
                [
                    -0.8969908356666565,
                    -0.09618975967168808,
                    0.43145689368247986,
                    0.8629137873649597
                ],
                [
                    0.4420492351055145,
                    -0.19518491625785828,
                    0.8754972219467163,
                    1.7509944438934326
                ],
                [
                    7.450580596923828e-09,
                    0.9760380983352661,
                    0.21759966015815735,
                    0.4351993203163147
                ],
                [
                    0.0,
                    0.0,
                    0.0,
                    1.0
                ]
            ]
        },
        {
            "file_path": "train/0019.png",
            "transform_matrix": [
                [
                    -0.5587546825408936,
                    -0.32335996627807617,
                    -0.763696014881134,
                    -1.527392029762268
                ],
                [
                    -0.8293330669403076,
                    0.21786047518253326,
                    0.5145323872566223,
                    1.0290647745132446
                ],
                [
                    1.4901161193847656e-08,
                    0.920855700969696,
                    -0.38990363478660583,
                    -0.7798072695732117
                ],
                [
                    0.0,
                    0.0,
                    0.0,
                    1.0
                ]
            ]
        },
        {
            "file_path": "train/0020.png",
            "transform_matrix": [
                [
                    0.8605804443359375,
                    -0.18818449974060059,
                    -0.47327372431755066,
                    -0.9465473294258118
                ],
                [
                    -0.5093145966529846,
                    -0.31797221302986145,
                    -0.7996827363967896,
                    -1.599365234375
                ],
                [
                    0.0,
                    0.9292364120483398,
                    -0.3694857954978943,
                    -0.7389715313911438
                ],
                [
                    0.0,
                    0.0,
                    0.0,
                    1.0
                ]
            ]
        },
        {
            "file_path": "train/0021.png",
            "transform_matrix": [
                [
                    0.25957125425338745,
                    -0.6138507127761841,
                    0.7455267310142517,
                    1.4910534620285034
                ],
                [
                    0.965723991394043,
                    0.1649933159351349,
                    -0.20038573443889618,
                    -0.40077146887779236
                ],
                [
                    0.0,
                    0.7719874382019043,
                    0.6356378197669983,
                    1.2712756395339966
                ],
                [
                    0.0,
                    0.0,
                    0.0,
                    1.0
                ]
            ]
        },
        {
            "file_path": "train/0022.png",
            "transform_matrix": [
                [
                    -0.45474478602409363,
                    0.8445882201194763,
                    -0.28262677788734436,
                    -0.565253496170044
                ],
                [
                    -0.8906219005584717,
                    -0.4312403202056885,
                    0.14430707693099976,
                    0.2886141240596771
                ],
                [
                    -7.450580596923828e-09,
                    0.3173366189002991,
                    0.9483131170272827,
                    1.8966259956359863
                ],
                [
                    0.0,
                    0.0,
                    0.0,
                    1.0
                ]
            ]
        },
        {
            "file_path": "train/0023.png",
            "transform_matrix": [
                [
                    -0.9721391201019287,
                    -0.12535110116004944,
                    0.19807220995426178,
                    0.3961443603038788
                ],
                [
                    0.2344045341014862,
                    -0.5198649168014526,
                    0.8214591145515442,
                    1.6429179906845093
                ],
                [
                    -7.4505797087454084e-09,
                    0.8450014591217041,
                    0.5347639918327332,
                    1.0695278644561768
                ],
                [
                    0.0,
                    0.0,
                    0.0,
                    1.0
                ]
            ]
        },
        {
            "file_path": "train/0024.png",
            "transform_matrix": [
                [
                    0.6983349919319153,
                    -0.64136803150177,
                    0.31776610016822815,
                    0.6355322003364563
                ],
                [
                    0.7157710790634155,
                    0.6257444024085999,
                    -0.3100253641605377,
                    -0.6200507283210754
                ],
                [
                    0.0,
                    0.443949431180954,
                    0.8960518836975098,
                    1.7921037673950195
                ],
                [
                    0.0,
                    0.0,
                    0.0,
                    1.0
                ]
            ]
        },
        {
            "file_path": "train/0025.png",
            "transform_matrix": [
                [
                    0.9998552203178406,
                    0.004978344310075045,
                    -0.016274234279990196,
                    -0.03254846855998039
                ],
                [
                    -0.017018655315041542,
                    0.2924804091453552,
                    -0.9561200737953186,
                    -1.9122401475906372
                ],
                [
                    -4.656612873077393e-10,
                    0.9562585949897766,
                    0.2925227880477905,
                    0.585045576095581
                ],
                [
                    0.0,
                    0.0,
                    0.0,
                    1.0
                ]
            ]
        },
        {
            "file_path": "train/0026.png",
            "transform_matrix": [
                [
                    -0.80343097448349,
                    0.1791086345911026,
                    0.5678192973136902,
                    1.1356385946273804
                ],
                [
                    0.5953978896141052,
                    0.2416895180940628,
                    0.7662163972854614,
                    1.5324327945709229
                ],
                [
                    0.0,
                    0.9536803364753723,
                    -0.3008217513561249,
                    -0.6016435027122498
                ],
                [
                    0.0,
                    0.0,
                    0.0,
                    1.0
                ]
            ]
        },
        {
            "file_path": "train/0027.png",
            "transform_matrix": [
                [
                    -0.6516295671463013,
                    -0.5162864923477173,
                    0.5557222366333008,
                    1.1114444732666016
                ],
                [
                    0.7585373520851135,
                    -0.4435214102268219,
                    0.47739914059638977,
                    0.9547982811927795
                ],
                [
                    -1.4901161193847656e-08,
                    0.7326233983039856,
                    0.6806342005729675,
                    1.361268401145935
                ],
                [
                    0.0,
                    0.0,
                    0.0,
                    1.0
                ]
            ]
        },
        {
            "file_path": "train/0028.png",
            "transform_matrix": [
                [
                    0.29775577783584595,
                    -0.5407078266143799,
                    -0.7867506742477417,
                    -1.5735013484954834
                ],
                [
                    -0.954642117023468,
                    -0.16864840686321259,
                    -0.245389923453331,
                    -0.490779846906662
                ],
                [
                    0.0,
                    0.8241315484046936,
                    -0.5663984417915344,
                    -1.1327968835830688
                ],
                [
                    0.0,
                    0.0,
                    0.0,
                    1.0
                ]
            ]
        },
        {
            "file_path": "train/0029.png",
            "transform_matrix": [
                [
                    0.24309638142585754,
                    -0.23648309707641602,
                    -0.9407337307929993,
                    -1.8814674615859985
                ],
                [
                    -0.9700021743774414,
                    -0.05926603451371193,
                    -0.23576128482818604,
                    -0.47152256965637207
                ],
                [
                    0.0,
                    0.969826340675354,
                    -0.2437964677810669,
                    -0.4875929355621338
                ],
                [
                    0.0,
                    0.0,
                    0.0,
                    1.0
                ]
            ]
        },
        {
            "file_path": "train/0030.png",
            "transform_matrix": [
                [
                    -0.07707000523805618,
                    -0.7585555911064148,
                    0.6470344662666321,
                    1.2940689325332642
                ],
                [
                    0.9970257878303528,
                    -0.05863628536462784,
                    0.050015710294246674,
                    0.10003142058849335
                ],
                [
                    0.0,
                    0.6489646434783936,
                    0.7608185410499573,
                    1.5216370820999146
                ],
                [
                    0.0,
                    0.0,
                    0.0,
                    1.0
                ]
            ]
        },
        {
            "file_path": "train/0031.png",
            "transform_matrix": [
                [
                    -0.4674954414367676,
                    -0.2003280222415924,
                    0.8609976172447205,
                    1.7219949960708618
                ],
                [
                    0.8839954733848572,
                    -0.10594220459461212,
                    0.4553331434726715,
                    0.9106661677360535
                ],
                [
                    -7.4505797087454084e-09,
                    0.9739840626716614,
                    0.22661659121513367,
                    0.45323312282562256
                ],
                [
                    0.0,
                    0.0,
                    0.0,
                    1.0
                ]
            ]
        },
        {
            "file_path": "train/0032.png",
            "transform_matrix": [
                [
                    -0.4276455044746399,
                    0.6094881296157837,
                    0.6675654053688049,
                    1.3351308107376099
                ],
                [
                    0.903946578502655,
                    0.2883410155773163,
                    0.31581664085388184,
                    0.6316332817077637
                ],
                [
                    1.4901161193847656e-08,
                    0.7385010123252869,
                    -0.6742523908615112,
                    -1.3485047817230225
                ],
                [
                    0.0,
                    0.0,
                    0.0,
                    1.0
                ]
            ]
        },
        {
            "file_path": "train/0033.png",
            "transform_matrix": [
                [
                    -0.1808064877986908,
                    0.844197154045105,
                    0.504618763923645,
                    1.00923752784729
                ],
                [
                    0.9835187196731567,
                    0.15519411861896515,
                    0.09276726841926575,
                    0.1855345368385315
                ],
                [
                    0.0,
                    0.5130749344825745,
                    -0.8583438396453857,
                    -1.7166876792907715
                ],
                [
                    0.0,
                    0.0,
                    0.0,
                    1.0
                ]
            ]
        },
        {
            "file_path": "train/0034.png",
            "transform_matrix": [
                [
                    -0.301206111907959,
                    -0.003241037717089057,
                    0.9535535573959351,
                    1.9071071147918701
                ],
                [
                    0.9535591006278992,
                    -0.00102376495487988,
                    0.3012043535709381,
                    0.6024087071418762
                ],
                [
                    5.820766091346741e-11,
                    0.9999942779541016,
                    0.0033988850191235542,
                    0.0067977700382471085
                ],
                [
                    0.0,
                    0.0,
                    0.0,
                    1.0
                ]
            ]
        },
        {
            "file_path": "train/0035.png",
            "transform_matrix": [
                [
                    0.8802108764648438,
                    -0.4719456136226654,
                    0.049961529672145844,
                    0.09992305934429169
                ],
                [
                    0.4745827317237854,
                    0.87531977891922,
                    -0.09266388416290283,
                    -0.18532776832580566
                ],
                [
                    0.0,
                    0.10527481883764267,
                    0.9944431781768799,
                    1.9888863563537598
                ],
                [
                    0.0,
                    0.0,
                    0.0,
                    1.0
                ]
            ]
        },
        {
            "file_path": "train/0036.png",
            "transform_matrix": [
                [
                    0.9101178646087646,
                    0.3475935161113739,
                    -0.22553102672100067,
                    -0.45106205344200134
                ],
                [
                    -0.4143495559692383,
                    0.7634884715080261,
                    -0.49537843465805054,
                    -0.9907568693161011
                ],
                [
                    0.0,
                    0.5443013906478882,
                    0.8388897180557251,
                    1.6777794361114502
                ],
                [
                    0.0,
                    0.0,
                    0.0,
                    1.0
                ]
            ]
        },
        {
            "file_path": "train/0037.png",
            "transform_matrix": [
                [
                    0.7684010863304138,
                    -0.5773738026618958,
                    -0.2760421633720398,
                    -0.5520843267440796
                ],
                [
                    -0.6399685144424438,
                    -0.6932445168495178,
                    -0.33143991231918335,
                    -0.6628798246383667
                ],
                [
                    0.0,
                    0.43133705854415894,
                    -0.9021908640861511,
                    -1.8043817281723022
                ],
                [
                    0.0,
                    0.0,
                    0.0,
                    1.0
                ]
            ]
        },
        {
            "file_path": "train/0038.png",
            "transform_matrix": [
                [
                    -0.968350350856781,
                    0.187636137008667,
                    0.16459158062934875,
                    0.3291831612586975
                ],
                [
                    0.24959507584571838,
                    0.7279691100120544,
                    0.6385635137557983,
                    1.2771270275115967
                ],
                [
                    7.450580596923828e-09,
                    0.65943443775177,
                    -0.7517620921134949,
                    -1.5035241842269897
                ],
                [
                    0.0,
                    0.0,
                    0.0,
                    1.0
                ]
            ]
        },
        {
            "file_path": "train/0039.png",
            "transform_matrix": [
                [
                    0.2571595013141632,
                    -0.6955277323722839,
                    0.6709025502204895,
                    1.341805100440979
                ],
                [
                    0.9663690328598022,
                    0.185086190700531,
                    -0.17853322625160217,
                    -0.35706645250320435
                ],
                [
                    1.4901161193847656e-08,
                    0.6942508816719055,
                    0.7197330594062805,
                    1.439466118812561
                ],
                [
                    0.0,
                    0.0,
                    0.0,
                    1.0
                ]
            ]
        },
        {
            "file_path": "train/0040.png",
            "transform_matrix": [
                [
                    -0.6798580884933472,
                    0.08862372487783432,
                    -0.7279689908027649,
                    -1.4559379816055298
                ],
                [
                    -0.7333437204360962,
                    -0.08216004818677902,
                    0.6748753190040588,
                    1.3497506380081177
                ],
                [
                    -3.725290298461914e-09,
                    0.9926709532737732,
                    0.12084881961345673,
                    0.24169763922691345
                ],
                [
                    0.0,
                    0.0,
                    0.0,
                    1.0
                ]
            ]
        },
        {
            "file_path": "train/0041.png",
            "transform_matrix": [
                [
                    0.7682125568389893,
                    0.6323062777519226,
                    -0.10019128769636154,
                    -0.2003825455904007
                ],
                [
                    -0.6401949524879456,
                    0.7587464451789856,
                    -0.12022620439529419,
                    -0.240452378988266
                ],
                [
                    0.0,
                    0.15650154650211334,
                    0.9876778721809387,
                    1.9753555059432983
                ],
                [
                    0.0,
                    0.0,
                    0.0,
                    1.0
                ]
            ]
        },
        {
            "file_path": "train/0042.png",
            "transform_matrix": [
                [
                    0.23986652493476868,
                    -0.32181257009506226,
                    -0.9159152507781982,
                    -1.8318305015563965
                ],
                [
                    -0.9708058834075928,
                    -0.07951337844133377,
                    -0.22630414366722107,
                    -0.45260828733444214
                ],
                [
                    0.0,
                    0.9434587359428406,
                    -0.33149009943008423,
                    -0.6629801988601685
                ],
                [
                    0.0,
                    0.0,
                    0.0,
                    1.0
                ]
            ]
        },
        {
            "file_path": "train/0043.png",
            "transform_matrix": [
                [
                    0.5435712933540344,
                    0.8103440999984741,
                    0.2187982052564621,
                    0.4375964105129242
                ],
                [
                    0.8393630981445312,
                    -0.5247786045074463,
                    -0.14169365167617798,
                    -0.28338730335235596
                ],
                [
                    0.0,
                    0.26067155599594116,
                    -0.9654275178909302,
                    -1.9308550357818604
                ],
                [
                    0.0,
                    0.0,
                    0.0,
                    1.0
                ]
            ]
        },
        {
            "file_path": "train/0044.png",
            "transform_matrix": [
                [
                    -0.9905690550804138,
                    -0.1366274654865265,
                    -0.010296680964529514,
                    -0.02059336192905903
                ],
                [
                    -0.13701492547988892,
                    0.9877678751945496,
                    0.0744413286447525,
                    0.148882657289505
                ],
                [
                    9.31322685637781e-10,
                    0.07515016198158264,
                    -0.9971722364425659,
                    -1.9943444728851318
                ],
                [
                    0.0,
                    0.0,
                    0.0,
                    1.0
                ]
            ]
        },
        {
            "file_path": "train/0045.png",
            "transform_matrix": [
                [
                    0.645770788192749,
                    0.6176940202713013,
                    0.44881418347358704,
                    0.8976283669471741
                ],
                [
                    0.7635313272476196,
                    -0.522426187992096,
                    -0.3795929551124573,
                    -0.7591859102249146
                ],
                [
                    -1.4901161193847656e-08,
                    0.5878137350082397,
                    -0.808996319770813,
                    -1.617992639541626
                ],
                [
                    0.0,
                    0.0,
                    0.0,
                    1.0
                ]
            ]
        },
        {
            "file_path": "train/0046.png",
            "transform_matrix": [
                [
                    -0.8021442294120789,
                    -0.5405969023704529,
                    -0.25361332297325134,
                    -0.5072266459465027
                ],
                [
                    -0.5971304774284363,
                    0.7262008786201477,
                    0.3406867980957031,
                    0.6813735961914062
                ],
                [
                    0.0,
                    0.4247201085090637,
                    -0.9053246974945068,
                    -1.8106493949890137
                ],
                [
                    0.0,
                    0.0,
                    0.0,
                    1.0
                ]
            ]
        },
        {
            "file_path": "train/0047.png",
            "transform_matrix": [
                [
                    0.2979883551597595,
                    0.6451320648193359,
                    -0.7035677433013916,
                    -1.4071354866027832
                ],
                [
                    -0.9545695185661316,
                    0.20139113068580627,
                    -0.21963302791118622,
                    -0.43926605582237244
                ],
                [
                    0.0,
                    0.7370524406433105,
                    0.6758356094360352,
                    1.3516712188720703
                ],
                [
                    0.0,
                    0.0,
                    0.0,
                    1.0
                ]
            ]
        },
        {
            "file_path": "train/0048.png",
            "transform_matrix": [
                [
                    -0.40798360109329224,
                    0.7806693315505981,
                    0.4733971655368805,
                    0.946794331073761
                ],
                [
                    0.9129892587661743,
                    0.3488543629646301,
                    0.2115449756383896,
                    0.4230899512767792
                ],
                [
                    1.4901161193847656e-08,
                    0.5185133218765259,
                    -0.8550695180892944,
                    -1.7101390361785889
                ],
                [
                    0.0,
                    0.0,
                    0.0,
                    1.0
                ]
            ]
        },
        {
            "file_path": "train/0049.png",
            "transform_matrix": [
                [
                    -0.015477579087018967,
                    -0.10143551975488663,
                    -0.9947217106819153,
                    -1.9894434213638306
                ],
                [
                    -0.999880313873291,
                    0.0015701642259955406,
                    0.015397726558148861,
                    0.030795453116297722
                ],
                [
                    1.1641533570472262e-10,
                    0.9948408603668213,
                    -0.1014476791024208,
                    -0.2028953582048416
                ],
                [
                    0.0,
                    0.0,
                    0.0,
                    1.0
                ]
            ]
        },
        {
            "file_path": "train/0050.png",
            "transform_matrix": [
                [
                    0.99917072057724,
                    -0.04071391746401787,
                    -0.0005651246756315231,
                    -0.0011302493512630463
                ],
                [
                    -0.04071784019470215,
                    -0.9990745186805725,
                    -0.013867534697055817,
                    -0.027735069394111633
                ],
                [
                    0.0,
                    0.013880077749490738,
                    -0.999903678894043,
                    -1.999807357788086
                ],
                [
                    0.0,
                    0.0,
                    0.0,
                    1.0
                ]
            ]
        },
        {
            "file_path": "train/0051.png",
            "transform_matrix": [
                [
                    0.1355815976858139,
                    -0.9331952333450317,
                    0.33281269669532776,
                    0.6656253933906555
                ],
                [
                    0.9907662868499756,
                    0.12770327925682068,
                    -0.04554381221532822,
                    -0.09108762443065643
                ],
                [
                    -7.450581485102248e-09,
                    0.33591440320014954,
                    0.9418925046920776,
                    1.8837850093841553
                ],
                [
                    0.0,
                    0.0,
                    0.0,
                    1.0
                ]
            ]
        },
        {
            "file_path": "train/0052.png",
            "transform_matrix": [
                [
                    -0.6713446974754333,
                    -0.5714733004570007,
                    0.4719264805316925,
                    0.943852961063385
                ],
                [
                    0.7411453127861023,
                    -0.5176522731781006,
                    0.42748069763183594,
                    0.8549613952636719
                ],
                [
                    0.0,
                    0.6367529630661011,
                    0.7710678577423096,
                    1.5421357154846191
                ],
                [
                    0.0,
                    0.0,
                    0.0,
                    1.0
                ]
            ]
        },
        {
            "file_path": "train/0053.png",
            "transform_matrix": [
                [
                    0.5163618922233582,
                    -0.5562581419944763,
                    0.65111243724823,
                    1.3022247552871704
                ],
                [
                    0.8563704490661621,
                    0.33540451526641846,
                    -0.392598420381546,
                    -0.7851967215538025
                ],
                [
                    1.4901159417490817e-08,
                    0.7603161931037903,
                    0.649553120136261,
                    1.2991061210632324
                ],
                [
                    0.0,
                    0.0,
                    0.0,
                    1.0
                ]
            ]
        },
        {
            "file_path": "train/0054.png",
            "transform_matrix": [
                [
                    0.5376285314559937,
                    0.8029443621635437,
                    -0.2573632001876831,
                    -0.5147264003753662
                ],
                [
                    -0.843181848526001,
                    0.5119723677635193,
                    -0.1640995889902115,
                    -0.328199177980423
                ],
                [
                    1.4901162970204496e-08,
                    0.3052286207675934,
                    0.9522790908813477,
                    1.9045581817626953
                ],
                [
                    0.0,
                    0.0,
                    0.0,
                    1.0
                ]
            ]
        },
        {
            "file_path": "train/0055.png",
            "transform_matrix": [
                [
                    -0.2125033289194107,
                    -0.9090912342071533,
                    -0.35832294821739197,
                    -0.7166458368301392
                ],
                [
                    -0.9771603941917419,
                    0.19770030677318573,
                    0.07792457938194275,
                    0.1558491438627243
                ],
                [
                    7.450580596923828e-09,
                    0.36669832468032837,
                    -0.930340051651001,
                    -1.8606798648834229
                ],
                [
                    0.0,
                    0.0,
                    0.0,
                    1.0
                ]
            ]
        },
        {
            "file_path": "train/0056.png",
            "transform_matrix": [
                [
                    0.2642713189125061,
                    -0.8153272271156311,
                    -0.515172004699707,
                    -1.030344009399414
                ],
                [
                    -0.9644484519958496,
                    -0.22341015934944153,
                    -0.14116376638412476,
                    -0.2823275327682495
                ],
                [
                    0.0,
                    0.5341623425483704,
                    -0.8453819155693054,
                    -1.6907638311386108
                ],
                [
                    0.0,
                    0.0,
                    0.0,
                    1.0
                ]
            ]
        },
        {
            "file_path": "train/0057.png",
            "transform_matrix": [
                [
                    0.48591721057891846,
                    0.2400190830230713,
                    -0.8404018878936768,
                    -1.6808037757873535
                ],
                [
                    -0.8740049600601196,
                    0.1334424912929535,
                    -0.4672350287437439,
                    -0.9344700574874878
                ],
                [
                    0.0,
                    0.9615529179573059,
                    0.27461984753608704,
                    0.5492396950721741
                ],
                [
                    0.0,
                    0.0,
                    0.0,
                    1.0
                ]
            ]
        },
        {
            "file_path": "train/0058.png",
            "transform_matrix": [
                [
                    0.9868748188018799,
                    0.14723849296569824,
                    -0.06632453203201294,
                    -0.13264906406402588
                ],
                [
                    -0.16148719191551208,
                    0.8997986316680908,
                    -0.4053201377391815,
                    -0.810640275478363
                ],
                [
                    -3.725290298461914e-09,
                    0.4107106626033783,
                    0.9117656946182251,
                    1.8235313892364502
                ],
                [
                    0.0,
                    0.0,
                    0.0,
                    1.0
                ]
            ]
        },
        {
            "file_path": "train/0059.png",
            "transform_matrix": [
                [
                    0.9347610473632812,
                    0.31350213289260864,
                    0.16714738309383392,
                    0.33429476618766785
                ],
                [
                    0.3552771508693695,
                    -0.8248478174209595,
                    -0.4397773742675781,
                    -0.8795547485351562
                ],
                [
                    1.4901162970204496e-08,
                    0.4704703688621521,
                    -0.882415771484375,
                    -1.76483154296875
                ],
                [
                    0.0,
                    0.0,
                    0.0,
                    1.0
                ]
            ]
        },
        {
            "file_path": "train/0060.png",
            "transform_matrix": [
                [
                    0.03462953492999077,
                    0.9366649985313416,
                    0.3485105037689209,
                    0.6970210075378418
                ],
                [
                    0.99940025806427,
                    -0.03245573863387108,
                    -0.01207599975168705,
                    -0.0241519995033741
                ],
                [
                    0.0,
                    0.34871965646743774,
                    -0.9372270703315735,
                    -1.874454140663147
                ],
                [
                    0.0,
                    0.0,
                    0.0,
                    1.0
                ]
            ]
        },
        {
            "file_path": "train/0061.png",
            "transform_matrix": [
                [
                    0.43716341257095337,
                    -0.41821399331092834,
                    0.7962318658828735,
                    1.592463731765747
                ],
                [
                    0.8993821144104004,
                    0.20328164100646973,
                    -0.3870251178741455,
                    -0.774050235748291
                ],
                [
                    0.0,
                    0.8853098750114441,
                    0.46500149369239807,
                    0.9300029873847961
                ],
                [
                    0.0,
                    0.0,
                    0.0,
                    1.0
                ]
            ]
        },
        {
            "file_path": "train/0062.png",
            "transform_matrix": [
                [
                    -0.33791473507881165,
                    -0.2573993504047394,
                    -0.905295193195343,
                    -1.810590147972107
                ],
                [
                    -0.94117671251297,
                    0.09241519868373871,
                    0.3250320255756378,
                    0.6500639915466309
                ],
                [
                    0.0,
                    0.9618757963180542,
                    -0.27348676323890686,
                    -0.546973466873169
                ],
                [
                    0.0,
                    0.0,
                    0.0,
                    1.0
                ]
            ]
        },
        {
            "file_path": "train/0063.png",
            "transform_matrix": [
                [
                    0.14924241602420807,
                    0.6758880019187927,
                    0.7217355966567993,
                    1.4434711933135986
                ],
                [
                    0.9888006448745728,
                    -0.10201364010572433,
                    -0.10893354564905167,
                    -0.21786709129810333
                ],
                [
                    0.0,
                    0.729910135269165,
                    -0.6835431456565857,
                    -1.3670862913131714
                ],
                [
                    0.0,
                    0.0,
                    0.0,
                    1.0
                ]
            ]
        },
        {
            "file_path": "train/0064.png",
            "transform_matrix": [
                [
                    -0.5104252696037292,
                    -0.20179633796215057,
                    -0.8359092473983765,
                    -1.671818494796753
                ],
                [
                    -0.8599221706390381,
                    0.11978055536746979,
                    0.4961719214916229,
                    0.9923438429832458
                ],
                [
                    -7.450580596923828e-09,
                    0.9720755815505981,
                    -0.23466815054416656,
                    -0.46933630108833313
                ],
                [
                    0.0,
                    0.0,
                    0.0,
                    1.0
                ]
            ]
        },
        {
            "file_path": "train/0065.png",
            "transform_matrix": [
                [
                    -0.4303727149963379,
                    0.8274809718132019,
                    0.36063066124916077,
                    0.7212612628936768
                ],
                [
                    0.902651309967041,
                    0.3945324122905731,
                    0.17194411158561707,
                    0.34388819336891174
                ],
                [
                    -1.4901161193847656e-08,
                    0.39952385425567627,
                    -0.9167229533195496,
                    -1.83344566822052
                ],
                [
                    0.0,
                    0.0,
                    0.0,
                    1.0
                ]
            ]
        },
        {
            "file_path": "train/0066.png",
            "transform_matrix": [
                [
                    0.4528355002403259,
                    0.0894860178232193,
                    -0.8870920538902283,
                    -1.7741841077804565
                ],
                [
                    -0.8915941119194031,
                    0.045449431985616684,
                    -0.45054891705513,
                    -0.90109783411026
                ],
                [
                    0.0,
                    0.994950532913208,
                    0.10036631673574448,
                    0.20073263347148895
                ],
                [
                    0.0,
                    0.0,
                    0.0,
                    1.0
                ]
            ]
        },
        {
            "file_path": "train/0067.png",
            "transform_matrix": [
                [
                    -0.9986302852630615,
                    -0.04874417185783386,
                    0.01901494897902012,
                    0.03802989795804024
                ],
                [
                    0.052321720868349075,
                    -0.9303479194641113,
                    0.36292582750320435,
                    0.7258516550064087
                ],
                [
                    0.0,
                    0.3634236454963684,
                    0.9316239953041077,
                    1.8632479906082153
                ],
                [
                    0.0,
                    0.0,
                    0.0,
                    1.0
                ]
            ]
        },
        {
            "file_path": "train/0068.png",
            "transform_matrix": [
                [
                    0.9158501625061035,
                    0.3308977484703064,
                    -0.22743189334869385,
                    -0.4548637866973877
                ],
                [
                    -0.40152034163475037,
                    0.754763126373291,
                    -0.5187620520591736,
                    -1.0375241041183472
                ],
                [
                    1.4901161193847656e-08,
                    0.5664268136024475,
                    0.824112057685852,
                    1.648224115371704
                ],
                [
                    0.0,
                    0.0,
                    0.0,
                    1.0
                ]
            ]
        },
        {
            "file_path": "train/0069.png",
            "transform_matrix": [
                [
                    0.5370504260063171,
                    0.2306516319513321,
                    0.8114041090011597,
                    1.6228082180023193
                ],
                [
                    0.8435501456260681,
                    -0.1468455195426941,
                    -0.5165845155715942,
                    -1.0331690311431885
                ],
                [
                    -7.450580596923828e-09,
                    0.9618920087814331,
                    -0.27342966198921204,
                    -0.5468593239784241
                ],
                [
                    0.0,
                    0.0,
                    0.0,
                    1.0
                ]
            ]
        },
        {
            "file_path": "train/0070.png",
            "transform_matrix": [
                [
                    0.8945353031158447,
                    0.3257904052734375,
                    0.3060511648654938,
                    0.6121023297309875
                ],
                [
                    0.4469974637031555,
                    -0.651974618434906,
                    -0.6124722957611084,
                    -1.2249445915222168
                ],
                [
                    0.0,
                    0.6846821308135986,
                    -0.7288417816162109,
                    -1.4576835632324219
                ],
                [
                    0.0,
                    0.0,
                    0.0,
                    1.0
                ]
            ]
        },
        {
            "file_path": "train/0071.png",
            "transform_matrix": [
                [
                    0.4451603293418884,
                    -0.7426219582557678,
                    -0.5003448128700256,
                    -1.0006896257400513
                ],
                [
                    -0.8954508900642395,
                    -0.36918365955352783,
                    -0.2487391084432602,
                    -0.4974782168865204
                ],
                [
                    0.0,
                    0.5587629675865173,
                    -0.829327404499054,
                    -1.658654808998108
                ],
                [
                    0.0,
                    0.0,
                    0.0,
                    1.0
                ]
            ]
        },
        {
            "file_path": "train/0072.png",
            "transform_matrix": [
                [
                    0.9825038313865662,
                    0.18622547388076782,
                    0.0025046607479453087,
                    0.005009321495890617
                ],
                [
                    0.18624229729175568,
                    -0.9824150800704956,
                    -0.013213103637099266,
                    -0.026426207274198532
                ],
                [
                    0.0,
                    0.013446991331875324,
                    -0.9999095797538757,
                    -1.9998191595077515
                ],
                [
                    0.0,
                    0.0,
                    0.0,
                    1.0
                ]
            ]
        },
        {
            "file_path": "train/0073.png",
            "transform_matrix": [
                [
                    -0.7715997695922852,
                    -0.6331790685653687,
                    -0.06097644567489624,
                    -0.12195289134979248
                ],
                [
                    -0.6361083984375,
                    0.768046498298645,
                    0.07396445423364639,
                    0.14792890846729279
                ],
                [
                    0.0,
                    0.09585881978273392,
                    -0.9953949451446533,
                    -1.9907898902893066
                ],
                [
                    0.0,
                    0.0,
                    0.0,
                    1.0
                ]
            ]
        },
        {
            "file_path": "train/0074.png",
            "transform_matrix": [
                [
                    -0.3039624094963074,
                    -0.878135085105896,
                    -0.3694397807121277,
                    -0.7388795614242554
                ],
                [
                    -0.9526839852333069,
                    0.28017690777778625,
                    0.11787309497594833,
                    0.23574618995189667
                ],
                [
                    -7.4505797087454084e-09,
                    0.3877882957458496,
                    -0.9217484593391418,
                    -1.8434969186782837
                ],
                [
                    0.0,
                    0.0,
                    0.0,
                    1.0
                ]
            ]
        },
        {
            "file_path": "train/0075.png",
            "transform_matrix": [
                [
                    0.7265700101852417,
                    -0.6537107229232788,
                    0.21156176924705505,
                    0.42312347888946533
                ],
                [
                    0.6870925426483154,
                    0.6912702322006226,
                    -0.22371724247932434,
                    -0.4474344253540039
                ],
                [
                    0.0,
                    0.307908833026886,
                    0.951416015625,
                    1.902831792831421
                ],
                [
                    0.0,
                    0.0,
                    0.0,
                    1.0
                ]
            ]
        },
        {
            "file_path": "train/0076.png",
            "transform_matrix": [
                [
                    0.9527595043182373,
                    0.13942725956439972,
                    0.26983240246772766,
                    0.5396648049354553
                ],
                [
                    0.3037260174751282,
                    -0.4373700022697449,
                    -0.846438467502594,
                    -1.692876935005188
                ],
                [
                    7.450580596923828e-09,
                    0.8884073495864868,
                    -0.45905601978302,
                    -0.91811203956604
                ],
                [
                    0.0,
                    0.0,
                    0.0,
                    1.0
                ]
            ]
        },
        {
            "file_path": "train/0077.png",
            "transform_matrix": [
                [
                    0.9190518856048584,
                    -0.324552059173584,
                    0.2236282378435135,
                    0.4472564160823822
                ],
                [
                    0.394136518239975,
                    0.7567940354347229,
                    -0.5214587450027466,
                    -1.0429173707962036
                ],
                [
                    -1.4901159417490817e-08,
                    0.5673876404762268,
                    0.8234509229660034,
                    1.6469016075134277
                ],
                [
                    0.0,
                    0.0,
                    0.0,
                    1.0
                ]
            ]
        },
        {
            "file_path": "train/0078.png",
            "transform_matrix": [
                [
                    -0.7914478778839111,
                    0.3577556908130646,
                    0.4956018626689911,
                    0.9912037253379822
                ],
                [
                    0.6112367510795593,
                    0.46323293447494507,
                    0.6417202949523926,
                    1.2834405899047852
                ],
                [
                    -1.4901161193847656e-08,
                    0.8108181953430176,
                    -0.5852981209754944,
                    -1.1705962419509888
                ],
                [
                    0.0,
                    0.0,
                    0.0,
                    1.0
                ]
            ]
        },
        {
            "file_path": "train/0079.png",
            "transform_matrix": [
                [
                    0.990896999835968,
                    0.1299828290939331,
                    0.03503889963030815,
                    0.0700777992606163
                ],
                [
                    0.13462267816066742,
                    -0.9567452073097229,
                    -0.25790560245513916,
                    -0.5158112049102783
                ],
                [
                    0.0,
                    0.2602747976779938,
                    -0.9655345678329468,
                    -1.9310691356658936
                ],
                [
                    0.0,
                    0.0,
                    0.0,
                    1.0
                ]
            ]
        },
        {
            "file_path": "train/0080.png",
            "transform_matrix": [
                [
                    0.03731605038046837,
                    -0.9565644264221191,
                    -0.28912273049354553,
                    -0.5782454609870911
                ],
                [
                    -0.9993035197257996,
                    -0.035720087587833405,
                    -0.0107964389026165,
                    -0.021592877805233
                ],
                [
                    0.0,
                    0.28932425379753113,
                    -0.9572311639785767,
                    -1.9144623279571533
                ],
                [
                    0.0,
                    0.0,
                    0.0,
                    1.0
                ]
            ]
        },
        {
            "file_path": "train/0081.png",
            "transform_matrix": [
                [
                    -0.7890776991844177,
                    0.6130563020706177,
                    0.0389673113822937,
                    0.0779346227645874
                ],
                [
                    0.6142934560775757,
                    0.7874884605407715,
                    0.050054632127285004,
                    0.10010926425457001
                ],
                [
                    0.0,
                    0.06343422830104828,
                    -0.9979860186576843,
                    -1.9959720373153687
                ],
                [
                    0.0,
                    0.0,
                    0.0,
                    1.0
                ]
            ]
        },
        {
            "file_path": "train/0082.png",
            "transform_matrix": [
                [
                    0.024149151518940926,
                    -0.621445894241333,
                    0.7830848693847656,
                    1.5661697387695312
                ],
                [
                    0.9997084140777588,
                    0.015011768788099289,
                    -0.018916349858045578,
                    -0.037832699716091156
                ],
                [
                    -9.313225746154785e-10,
                    0.7833133339881897,
                    0.621627151966095,
                    1.24325430393219
                ],
                [
                    0.0,
                    0.0,
                    0.0,
                    1.0
                ]
            ]
        },
        {
            "file_path": "train/0083.png",
            "transform_matrix": [
                [
                    -0.9932745695114136,
                    -0.09931018203496933,
                    0.05952483415603638,
                    0.11904966831207275
                ],
                [
                    0.11578306555747986,
                    -0.8519577383995056,
                    0.5106489658355713,
                    1.0212979316711426
                ],
                [
                    0.0,
                    0.5141065120697021,
                    0.8577263355255127,
                    1.7154526710510254
                ],
                [
                    0.0,
                    0.0,
                    0.0,
                    1.0
                ]
            ]
        },
        {
            "file_path": "train/0084.png",
            "transform_matrix": [
                [
                    0.9502547979354858,
                    -0.23357179760932922,
                    -0.20605847239494324,
                    -0.4121169447898865
                ],
                [
                    -0.3114737272262573,
                    -0.712588906288147,
                    -0.6286503076553345,
                    -1.257300615310669
                ],
                [
                    0.0,
                    0.6615597605705261,
                    -0.7498924732208252,
                    -1.4997849464416504
                ],
                [
                    0.0,
                    0.0,
                    0.0,
                    1.0
                ]
            ]
        },
        {
            "file_path": "train/0085.png",
            "transform_matrix": [
                [
                    0.9661543965339661,
                    -0.2530762553215027,
                    0.04998260363936424,
                    0.09996520727872849
                ],
                [
                    0.2579648494720459,
                    0.9478451609611511,
                    -0.18719957768917084,
                    -0.3743991553783417
                ],
                [
                    0.0,
                    0.1937573403120041,
                    0.9810494780540466,
                    1.9620989561080933
                ],
                [
                    0.0,
                    0.0,
                    0.0,
                    1.0
                ]
            ]
        },
        {
            "file_path": "train/0086.png",
            "transform_matrix": [
                [
                    -0.7938177585601807,
                    -0.2268039733171463,
                    0.5642812848091125,
                    1.128562569618225
                ],
                [
                    0.6081557273864746,
                    -0.296044260263443,
                    0.7365489602088928,
                    1.4730979204177856
                ],
                [
                    1.4901161193847656e-08,
                    0.9278565645217896,
                    0.37293732166290283,
                    0.7458746433258057
                ],
                [
                    0.0,
                    0.0,
                    0.0,
                    1.0
                ]
            ]
        },
        {
            "file_path": "train/0087.png",
            "transform_matrix": [
                [
                    -0.6004761457443237,
                    0.29664844274520874,
                    -0.7425820827484131,
                    -1.4851641654968262
                ],
                [
                    -0.7996426820755005,
                    -0.22276237607002258,
                    0.5576275587081909,
                    1.1152551174163818
                ],
                [
                    -1.4901161193847656e-08,
                    0.9286423921585083,
                    0.37097620964050293,
                    0.7419524192810059
                ],
                [
                    0.0,
                    0.0,
                    0.0,
                    1.0
                ]
            ]
        },
        {
            "file_path": "train/0088.png",
            "transform_matrix": [
                [
                    0.4877474904060364,
                    -0.6836884617805481,
                    -0.5428375005722046,
                    -1.0856750011444092
                ],
                [
                    -0.872984766960144,
                    -0.38198527693748474,
                    -0.30329009890556335,
                    -0.6065801978111267
                ],
                [
                    1.4901161193847656e-08,
                    0.6218177080154419,
                    -0.7831619381904602,
                    -1.5663238763809204
                ],
                [
                    0.0,
                    0.0,
                    0.0,
                    1.0
                ]
            ]
        },
        {
            "file_path": "train/0089.png",
            "transform_matrix": [
                [
                    -0.9579296112060547,
                    -0.23968788981437683,
                    0.1578628271818161,
                    0.3157256543636322
                ],
                [
                    0.28700339794158936,
                    -0.8000048398971558,
                    0.5268978476524353,
                    1.0537956953048706
                ],
                [
                    -1.4901161193847656e-08,
                    0.5500381588935852,
                    0.8351395130157471,
                    1.6702790260314941
                ],
                [
                    0.0,
                    0.0,
                    0.0,
                    1.0
                ]
            ]
        },
        {
            "file_path": "train/0090.png",
            "transform_matrix": [
                [
                    -0.501018226146698,
                    -0.40556758642196655,
                    0.7645232081413269,
                    1.5290464162826538
                ],
                [
                    0.8654367923736572,
                    -0.23479098081588745,
                    0.4425973892211914,
                    0.8851947784423828
                ],
                [
                    0.0,
                    0.883395791053772,
                    0.4686276316642761,
                    0.9372552633285522
                ],
                [
                    0.0,
                    0.0,
                    0.0,
                    1.0
                ]
            ]
        },
        {
            "file_path": "train/0091.png",
            "transform_matrix": [
                [
                    0.47599172592163086,
                    0.8073060512542725,
                    0.34883913397789,
                    0.69767826795578
                ],
                [
                    0.8794498443603516,
                    -0.43694478273391724,
                    -0.18880502879619598,
                    -0.37761005759239197
                ],
                [
                    0.0,
                    0.39665618538856506,
                    -0.9179672598838806,
                    -1.8359345197677612
                ],
                [
                    0.0,
                    0.0,
                    0.0,
                    1.0
                ]
            ]
        },
        {
            "file_path": "train/0092.png",
            "transform_matrix": [
                [
                    0.5233375430107117,
                    0.8515886068344116,
                    0.030245454981923103,
                    0.06049090251326561
                ],
                [
                    0.8521255254745483,
                    -0.5230077505111694,
                    -0.018575409427285194,
                    -0.03715081512928009
                ],
                [
                    0.0,
                    0.035494983196258545,
                    -0.9993699789047241,
                    -1.9987397193908691
                ],
                [
                    0.0,
                    0.0,
                    0.0,
                    1.0
                ]
            ]
        },
        {
            "file_path": "train/0093.png",
            "transform_matrix": [
                [
                    0.2898430824279785,
                    0.6804898381233215,
                    -0.6729966998100281,
                    -1.3459933996200562
                ],
                [
                    -0.9570742845535278,
                    0.20608147978782654,
                    -0.20381221175193787,
                    -0.40762442350387573
                ],
                [
                    1.4901162970204496e-08,
                    0.7031813263893127,
                    0.7110105752944946,
                    1.4220211505889893
                ],
                [
                    0.0,
                    0.0,
                    0.0,
                    1.0
                ]
            ]
        },
        {
            "file_path": "train/0094.png",
            "transform_matrix": [
                [
                    -0.9979625940322876,
                    -0.0635628029704094,
                    -0.005531935952603817,
                    -0.011063871905207634
                ],
                [
                    -0.06380308419466019,
                    0.9942043423652649,
                    0.08652661740779877,
                    0.17305323481559753
                ],
                [
                    4.656613428188905e-10,
                    0.08670326322317123,
                    -0.9962341785430908,
                    -1.9924683570861816
                ],
                [
                    0.0,
                    0.0,
                    0.0,
                    1.0
                ]
            ]
        },
        {
            "file_path": "train/0095.png",
            "transform_matrix": [
                [
                    0.7264073491096497,
                    -0.5747172236442566,
                    0.37687209248542786,
                    0.7537441849708557
                ],
                [
                    0.6872644424438477,
                    0.607450008392334,
                    -0.3983367085456848,
                    -0.7966734170913696
                ],
                [
                    1.4901161193847656e-08,
                    0.5483654141426086,
                    0.8362388014793396,
                    1.6724776029586792
                ],
                [
                    0.0,
                    0.0,
                    0.0,
                    1.0
                ]
            ]
        },
        {
            "file_path": "train/0096.png",
            "transform_matrix": [
                [
                    0.9398919343948364,
                    0.11784164607524872,
                    -0.32049429416656494,
                    -0.6409885287284851
                ],
                [
                    -0.34147217869758606,
                    0.3243556022644043,
                    -0.8821510076522827,
                    -1.7643017768859863
                ],
                [
                    -7.450580596923828e-09,
                    0.9385663270950317,
                    0.3450988531112671,
                    0.6901976466178894
                ],
                [
                    0.0,
                    0.0,
                    0.0,
                    1.0
                ]
            ]
        },
        {
            "file_path": "train/0097.png",
            "transform_matrix": [
                [
                    0.7847400903701782,
                    -0.302554726600647,
                    0.5409654974937439,
                    1.0819308757781982
                ],
                [
                    0.619825005531311,
                    0.3830546438694,
                    -0.6848986744880676,
                    -1.3697972297668457
                ],
                [
                    -1.4901161193847656e-08,
                    0.8727712631225586,
                    0.4881293475627899,
                    0.9762585759162903
                ],
                [
                    0.0,
                    0.0,
                    0.0,
                    1.0
                ]
            ]
        },
        {
            "file_path": "train/0098.png",
            "transform_matrix": [
                [
                    -0.5673823952674866,
                    0.25409016013145447,
                    -0.7832722663879395,
                    -1.566544532775879
                ],
                [
                    -0.8234544396400452,
                    -0.1750749945640564,
                    0.5396957993507385,
                    1.079391598701477
                ],
                [
                    0.0,
                    0.9512028694152832,
                    0.3085661232471466,
                    0.6171322464942932
                ],
                [
                    0.0,
                    0.0,
                    0.0,
                    1.0
                ]
            ]
        },
        {
            "file_path": "train/0099.png",
            "transform_matrix": [
                [
                    -0.7927253246307373,
                    0.5852968096733093,
                    0.1703355759382248,
                    0.3406711518764496
                ],
                [
                    0.6095789670944214,
                    0.7611476182937622,
                    0.22151243686676025,
                    0.4430248737335205
                ],
                [
                    0.0,
                    0.2794314920902252,
                    -0.9601656198501587,
                    -1.9203312397003174
                ],
                [
                    0.0,
                    0.0,
                    0.0,
                    1.0
                ]
            ]
        },
        {
            "file_path": "train/0100.png",
            "transform_matrix": [
                [
                    0.4880846440792084,
                    0.29691556096076965,
                    -0.8207403421401978,
                    -1.6414804458618164
                ],
                [
                    -0.8727962970733643,
                    0.16604094207286835,
                    -0.4589739143848419,
                    -0.9179477095603943
                ],
                [
                    0.0,
                    0.9403571486473083,
                    0.3401888906955719,
                    0.680377721786499
                ],
                [
                    0.0,
                    0.0,
                    0.0,
                    1.0
                ]
            ]
        }
    ]
}